"time","FLOW"
2013-05-15,0.0284104695085076
2013-05-16,0.0273643213068947
2013-05-17,0.028720361140228
2013-05-18,0.0360988673485613
2013-05-19,0.0455056526506447
2013-05-20,0.058262359015228
2013-05-21,0.0416586629006447
2013-05-22,0.0427831746610613
2013-05-23,0.0435525586193947
2013-05-24,0.0324863975048113
2013-05-25,0.0285668729631447
2013-05-26,0.0272811015048113
2013-05-27,0.0264822208798113
2013-05-28,0.0264701421298113
2013-05-29,0.0263572286506447
2013-05-30,0.0255565528485613
2013-05-31,0.0266567469735613
2013-06-01,0.0261343244006447
2013-06-02,0.0364379782548113
2013-06-03,0.0345935267131447
2013-06-04,0.0259718791818947
2013-06-05,0.0247464571923113
2013-06-06,0.087618481327728
2013-06-07,0.0787546323173113
2013-06-08,0.050611462452728
2013-06-09,0.0408847422443947
2013-06-10,0.0445528530421888
2013-06-11,0.0448142207235613
2013-06-12,0.0372438639318947
2013-06-13,0.0370898363717095
2013-06-14,0.033042362140228
2013-06-15,0.0282737286298113
2013-06-16,0.0276343407443947
2013-06-17,0.0283993262235613
2013-06-18,0.0348135924735613
2013-06-19,0.0354117474943947
2013-06-20,0.0299005592235613
2013-06-21,0.025509265046478
2013-06-22,0.0252189454006447
2013-06-23,0.0246054311818947
2013-06-24,0.0246737519631447
2013-06-25,0.024472525952728
2013-06-26,0.0324516381193947
2013-06-27,0.0298073534735613
2013-06-28,0.024563855952728
2013-06-29,0.025430749483978
2013-06-30,0.0280278003068947
2013-07-01,0.0261943373068947
2013-07-02,0.076343188077728
2013-07-03,0.137744949598561
2013-07-04,0.147262795286061
2013-07-05,0.090641373608978
2013-07-06,0.0502758844110613
2013-07-07,0.045507888015228
2013-07-08,0.041333524390228
2013-07-09,0.0346426543068947
2013-07-10,0.097823814530013
2013-07-11,0.106934634202728
2013-07-12,0.073760232171478
2013-07-13,0.0595489274943947
2013-07-14,0.058726574671478
2013-07-15,0.0479754002235613
2013-07-16,0.043531585202728
2013-07-17,0.0404475459318947
2013-07-18,0.0374363358693947
2013-07-19,0.0359385429423113
2013-07-20,0.0346563937131447
2013-07-21,0.0346392966923113
2013-07-22,0.034981522327728
2013-07-23,0.033786454202728
2013-07-24,0.030966185858978
2013-07-25,0.0298332229631447
2013-07-26,0.0289898990673113
2013-07-27,0.035453595952728
2013-07-28,0.0346943565360613
2013-07-29,0.027638855765228
2013-07-30,0.0265140165256447
2013-07-31,0.0265721679735613
2013-08-01,0.0304346258485613
2013-08-02,0.0287776714943947
2013-08-03,0.025176633546478
2013-08-04,0.0248360046610613
2013-08-05,0.023606630390228
2013-08-06,0.0292767100881447
2013-08-07,0.0298242634943947
2013-08-08,0.0421669855048113
2013-08-09,0.0394402161298113
2013-08-10,0.0281689408798113
2013-08-11,0.0298759112131447
2013-08-12,0.029639537390228
2013-08-13,0.0279529600673113
2013-08-14,0.0257648292756447
2013-08-15,0.0225890636923113
2013-08-16,0.0224799710256447
2013-08-17,0.033042705952728
2013-08-18,0.043504478577728
2013-08-19,0.029998462140228
2013-08-20,0.0270173989318947
2013-08-21,0.025318171202728
2013-08-22,0.0254260134943947
2013-08-23,0.023223481983978
2013-08-24,0.022572930890228
2013-08-25,0.0211991684318947
2013-08-26,0.0209462421818947
2013-08-27,0.0213856500985613
2013-08-28,0.0225953885985613
2013-08-29,0.0231431098693947
2013-08-30,0.0215452914735613
2013-08-31,0.0233803016298113
2013-09-01,0.023240466608978
2013-09-02,0.0207221286298113
2013-09-03,0.020190829108978
2013-09-04,0.0193230096135957
2013-09-05,0.0193117605256447
2013-09-06,0.0186176912131447
2013-09-07,0.018632339015228
2013-09-08,0.0189851400360613
2013-09-09,0.0186469321610613
2013-09-10,0.0251698051193947
2013-09-11,0.0368031221506447
2013-09-12,0.0350052413381447
2013-09-13,0.033558289827728
2013-09-14,0.033045134858978
2013-09-15,0.0327180658173113
2013-09-16,0.033207636327728
2013-09-17,0.0325857772443947
2013-09-18,0.032157304890228
2013-09-19,0.032089723858978
2013-09-20,0.039852019890228
2013-09-21,0.0475371349006447
2013-09-22,0.0397556600048113
2013-09-23,0.0331063023068947
2013-09-24,0.0323750357860613
2013-09-25,0.032435927858978
2013-09-26,0.0326273663381447
2013-09-27,0.0322647458381447
2013-09-28,0.0313887414110613
2013-09-29,0.0317215340256447
2013-09-30,0.030866803765228
2013-10-01,0.0309148513068947
2013-10-02,0.030845404358978
2013-10-03,0.0303473279110613
2013-10-04,0.0303004995985613
2013-10-05,0.0303635663485613
2013-10-06,0.0294767644110613
2013-10-07,0.059835354827728
2013-10-08,0.0503269159423113
2013-10-09,0.0309019032548113
2013-10-10,0.0349997445673113
2013-10-11,0.0335811973798113
2013-10-12,0.0327992139110613
2013-10-13,0.032103405921478
2013-10-14,0.035146279515228
2013-10-15,0.033913951577728
2013-10-16,0.0299109938173113
2013-10-17,0.030441786265228
2013-10-18,0.030674887577728
2013-10-19,0.0290378434318947
2013-10-20,0.0296138649318947
2013-10-21,0.028847248421478
2013-10-22,0.0287483635985613
2013-10-23,0.0306086954318947
2013-10-24,0.0302791694318947
2013-10-25,0.030416589202728
2013-10-26,0.0293743872860613
2013-10-27,0.0295859257756447
2013-10-28,0.029699629202728
2013-10-29,0.029208017858978
2013-10-30,0.0292109901818947
2013-10-31,0.028430191796478
2013-11-01,0.0305483726923113
2013-11-02,0.0311986398381447
2013-11-03,0.031812889140228
2013-11-04,0.0311436499735613
2013-11-05,0.0306804045568947
2013-11-06,0.030115406358978
2013-11-07,0.0317731802860613
2013-11-08,0.0327589829943947
2013-11-09,0.0320476695256447
2013-11-10,0.0325852891923113
2013-11-11,0.0318589990881447
2013-11-12,0.0337776496298113
2013-11-13,0.0335575601193947
2013-11-14,0.032653919046478
2013-11-15,0.036488397515228
2013-11-16,0.0401049013173113
2013-11-17,0.0351420237756447
2013-11-18,0.0373083063381447
2013-11-19,0.0352840848693947
2013-11-20,0.0335925897860613
2013-11-21,0.032486543452728
2013-11-22,0.0319006320673113
2013-11-23,0.034076156733978
2013-11-24,0.035563555890228
2013-11-25,0.0338370150673113
2013-11-26,0.106798921088145
2013-11-27,0.112722339556895
2013-11-28,0.0422149314423113
2013-11-29,0.034379809608978
2013-11-30,0.0325203444423113
2013-12-01,0.033066440515228
2013-12-02,0.034365589483978
2013-12-03,0.0360691951193947
2013-12-04,0.0328678143798113
2013-12-05,0.0291759845048113
2013-12-06,0.0421305211610613
2013-12-07,0.054537408421478
2013-12-08,0.0379299681818947
2013-12-09,0.039962489702728
2013-12-10,0.0657898113798113
2013-12-11,0.0609983307756447
2013-12-12,0.0368159240985613
2013-12-13,0.034810217515228
2013-12-14,0.046736084140228
2013-12-15,0.0508140312235613
2013-12-16,0.0382638593485613
2013-12-17,0.038807073608978
2013-12-18,0.0393472112235613
2013-12-19,0.0340961522443947
2013-12-20,0.0324790919110613
2013-12-21,0.030493235702728
2013-12-22,0.036456469765228
2013-12-23,0.069950557546478
2013-12-24,0.054070417546478
2013-12-25,0.0380667456818947
2013-12-26,0.035612577827728
2013-12-27,0.0339577898068947
2013-12-28,0.0328745224423113
2013-12-29,0.0614528298485613
2013-12-30,0.0554913484631447
2013-12-31,0.039631804671478
2014-01-01,0.036439866452728
2014-01-02,0.0355386607756447
2014-01-03,0.0396831966298113
2014-01-04,0.0347126437860613
2014-01-05,0.0360830401610613
2014-01-06,0.039187962265228
2014-01-07,0.054056122358978
2014-01-08,0.0456933021298113
2014-01-09,0.0333044694423113
2014-01-10,0.0509120608693947
2014-01-11,0.070566894640228
2014-01-12,0.054778599952728
2014-01-13,0.0400424285673113
2014-01-14,0.0404410411923113
2014-01-15,0.039411160327728
2014-01-16,0.036986378452728
2014-01-17,0.0361689387131447
2014-01-18,0.0370155339318947
2014-01-19,0.035179521640228
2014-01-20,0.0343843907235613
2014-01-21,0.0361046055568947
2014-01-22,0.0392120424735613
2014-01-23,0.0385593337756447
2014-01-24,0.063464981327728
2014-01-25,0.0543041525048113
2014-01-26,0.0342402291193947
2014-01-27,0.0349886041923113
2014-01-28,0.0372225481818947
2014-01-29,0.0374782969006447
2014-01-30,0.042412244202728
2014-01-31,0.0344386804943947
2014-02-01,0.0342040332131447
2014-02-02,0.033047171577728
2014-02-03,0.0748221877131447
2014-02-04,0.0637948099735613
2014-02-05,0.0419468637841674
2014-02-06,0.039678082327728
2014-02-07,0.0371359575360613
2014-02-08,0.035861692640228
2014-02-09,0.0352662641298113
2014-02-10,0.0356351769631447
2014-02-11,0.035122802796478
2014-02-12,0.043604351140228
2014-02-13,0.105546170483978
2014-02-14,0.0549445730568947
2014-02-15,0.0403048643693947
2014-02-16,0.0376362922443947
2014-02-17,0.0346727192443947
2014-02-18,0.0367018723485613
2014-02-19,0.0547648931610613
2014-02-20,0.060030019452728
2014-02-21,0.0916750091610613
2014-02-22,0.0779965549110613
2014-02-23,0.0507550671506447
2014-02-24,0.0507302273381447
2014-02-25,0.046266986765228
2014-02-26,0.0398844107131447
2014-02-27,0.039829346608978
2014-02-28,0.038429380233978
2014-03-01,0.0369376865985613
2014-03-02,0.041133231546478
2014-03-03,0.0618602694423113
2014-03-04,0.053128132265228
2014-03-05,0.0412357416193947
2014-03-06,0.0392682438693947
2014-03-07,0.042353945046478
2014-03-08,0.0364036126818947
2014-03-09,0.0284484100360613
2014-03-10,0.0252728547235613
2014-03-11,0.024690967233978
2014-03-12,0.0251385617548113
2014-03-13,0.025485094327728
2014-03-14,0.023408460515228
2014-03-15,0.0229900561193947
2014-03-16,0.0276879096923113
2014-03-17,0.0288865186193947
2014-03-18,0.0262313095360613
2014-03-19,0.0295673331193947
2014-03-20,0.0291769720953562
2014-03-21,0.0280107287674469
2014-03-22,0.0291731444395377
2014-03-23,0.0318900701116284
2014-03-24,0.0339851357837191
2014-03-25,0.0413879104558099
2014-03-26,0.0437052581279006
2014-03-27,0.0430833257999913
2014-03-28,0.045621985472082
2014-03-29,0.0497494471441728
2014-03-30,0.0520372648162635
2014-03-31,0.0488873634883542
2014-04-01,0.050123801160445
2014-04-02,0.0522510668325357
2014-04-03,0.0555591825046264
2014-04-04,0.0580745731767171
2014-04-05,0.0589565618488079
2014-04-06,0.0605991295208986
2014-04-07,0.0741280971929894
2014-04-08,0.0762231628650801
2014-04-09,0.0668843265371708
2014-04-10,0.0689793922092615
2014-04-11,0.0710744578813522
2014-04-12,0.073169523553443
2014-04-13,0.0752645892255337
2014-04-14,0.0777825728976244
2014-04-15,0.0904969855697152
2014-04-16,0.0921691342418059
2014-04-17,0.0836448519138966
2014-04-18,0.0857399175859874
2014-04-19,0.0878349832580781
2014-04-20,0.0899300489301688
2014-04-21,0.0920251146022596
2014-04-22,0.0941201802743503
2014-04-23,0.096215245946441
2014-04-24,0.0983103116185317
2014-04-25,0.102652310290622
2014-04-26,0.104747375962713
2014-04-27,0.104595508634804
2014-04-28,0.111475861306895
2014-04-29,0.127537905931895
2014-04-30,0.124872064025645
2014-05-01,0.113184449494395
2014-05-02,0.107025152213145
2014-05-03,0.105846249838145
2014-05-04,0.106038875400645
2014-05-05,0.105697678942311
2014-05-06,0.107322177046478
2014-05-07,0.107860758129811
2014-05-08,0.108715714411061
2014-05-09,0.109235959265228
2014-05-10,0.109825473098561
2014-05-11,0.108265303890228
2014-05-12,0.107942576265228
2014-05-13,0.109582919046478
2014-05-14,0.107206106202728
2014-05-15,0.139204605129811
2014-05-16,0.141280576838145
2014-05-17,0.112357832754811
2014-05-18,0.109387737723561
2014-05-19,0.108373918858978
2014-05-20,0.107925808056895
2014-05-21,0.109060258838145
2014-05-22,0.108419049733978
2014-05-23,0.106967304452728
2014-05-24,0.106416016046478
2014-05-25,0.106369846577728
2014-05-26,0.107825037775645
2014-05-27,0.111240008202728
2014-05-28,0.112669502411061
2014-05-29,0.112735760400645
2014-05-30,0.113162138869395
2014-05-31,0.111869923358978
2014-06-01,0.110427784546478
2014-06-02,0.111880877890228
2014-06-03,0.112423132944535
2014-06-04,0.121310447067311
2014-06-05,0.120873843067311
2014-06-06,0.112375529515228
2014-06-07,0.109888225056895
2014-06-08,0.110345889515228
2014-06-09,0.110124727598561
2014-06-10,0.110144344515228
2014-06-11,0.120361843900645
2014-06-12,0.124019460015228
2014-06-13,0.114868903046478
2014-06-14,0.109793937598561
2014-06-15,0.107312435963145
2014-06-16,0.108036396921478
2014-06-17,0.109450255806895
2014-06-18,0.109589290879811
2014-06-19,0.109052152608978
2014-06-20,0.113182873848561
2014-06-21,0.112868288317311
2014-06-22,0.108647003129811
2014-06-23,0.106740374973561
2014-06-24,0.106571938400645
2014-06-25,0.109342943390228
2014-06-26,0.109090854452728
2014-06-27,0.109213857588145
2014-06-28,0.109619083265228
2014-06-29,0.109421098713145
2014-06-30,0.109451453546478
2014-07-01,0.109122465723561
2014-07-02,0.110308734765228
2014-07-03,0.138138247025645
2014-07-04,0.127557816838145
2014-07-05,0.110322803858978
2014-07-06,0.109099476171478
2014-07-07,0.109468651088145
2014-07-08,0.110221188994395
2014-07-09,0.114567539681895
2014-07-10,0.113352812546478
2014-07-11,0.111208042317311
2014-07-12,0.109519543994395
2014-07-13,0.108356848369395
2014-07-14,0.110415318640228
2014-07-15,0.111696843504811
2014-07-16,0.107993424015228
2014-07-17,0.106559457723561
2014-07-18,0.105132347942311
2014-07-19,0.105620248567311
2014-07-20,0.106395527171478
2014-07-21,0.106622278140228
2014-07-22,0.103440322817311
2014-07-23,0.100898219619395
2014-07-24,0.110606525327728
2014-07-25,0.116884339254811
2014-07-26,0.102229158723561
2014-07-27,0.103125286504811
2014-07-28,0.102103665202728
2014-07-29,0.0994110745673113
2014-07-30,0.099569849046478
2014-07-31,0.099991141546478
2014-08-01,0.107190592963145
2014-08-02,0.106790659296478
2014-08-03,0.100636595379811
2014-08-04,0.0993912788658834
2014-08-05,0.0999212806298113
2014-08-06,0.100137453213145
2014-08-07,0.0990799993693947
2014-08-08,0.102722460775645
2014-08-09,0.132874842369395
2014-08-10,0.125012559619395
2014-08-11,0.120675276181895
2014-08-12,0.144899891713145
2014-08-13,0.115573546848561
2014-08-14,0.104330854858978
2014-08-15,0.103348968536061
2014-08-16,0.102673403483978
2014-08-17,0.103014179911061
2014-08-18,0.112461811473561
2014-08-19,0.112549014119395
2014-08-20,0.101430578088145
2014-08-21,0.101461653994395
2014-08-22,0.0995827405048113
2014-08-23,0.105689021546478
2014-08-24,0.128948112254811
2014-08-25,0.106178705150645
2014-08-26,0.099953033858978
2014-08-27,0.0973736562756447
2014-08-28,0.0886187012235613
2014-08-29,0.0657847315673113
2014-08-30,0.0632577349735613
2014-08-31,0.061022559921478
2014-09-01,0.0580490944735613
2014-09-02,0.0613656637860613
2014-09-03,0.0634086473381447
2014-09-04,0.0601679403798113
2014-09-05,0.0600595409423113
2014-09-06,0.0628401297131447
2014-09-07,0.062194074108978
2014-09-08,0.0586682479318947
2014-09-09,0.0577640668485613
2014-09-10,0.056537843890228
2014-09-11,0.0572060989006447
2014-09-12,0.059460617483978
2014-09-13,0.0627684262443947
2014-09-14,0.058078740890228
2014-09-15,0.0540349830256447
2014-09-16,0.052844217452728
2014-09-17,0.051326115015228
2014-09-18,0.0480092056610613
2014-09-19,0.0482997056610613
2014-09-20,0.0471339965568947
2014-09-21,0.0443633819110613
2014-09-22,0.041307061233978
2014-09-23,0.039281461077728
2014-09-24,0.0393697911298113
2014-09-25,0.0387445886818947
2014-09-26,0.0376247069006447
2014-09-27,0.0371637500673113
2014-09-28,0.0362857829318947
2014-09-29,0.0363651959423113
2014-09-30,0.0367218113381447
2014-10-01,0.035523157296478
2014-10-02,0.035115720952728
2014-10-03,0.0389516018173113
2014-10-04,0.0387362505945291
2014-10-05,0.0340564727548113
2014-10-06,0.0342978649006447
2014-10-07,0.0449818216193947
2014-10-08,0.0493827118068947
2014-10-09,0.039157704671478
2014-10-10,0.0405780167131447
2014-10-11,0.041874127296478
2014-10-12,0.049741846390228
2014-10-13,0.051409900546478
2014-10-14,0.0525079261610613
2014-10-15,0.0811091139006447
2014-10-16,0.066594504733978
2014-10-17,0.0520300496610613
2014-10-18,0.0499943575360613
2014-10-19,0.0491501669006447
2014-10-20,0.047727005983978
2014-10-21,0.0440086598798113
2014-10-22,0.0428848924318947
2014-10-23,0.0393871504423113
2014-10-24,0.033368966327728
2014-10-25,0.032635583640228
2014-10-26,0.0283245614631447
2014-10-27,0.0213915515568947
2014-10-28,0.0206606009006447
2014-10-29,0.018988299640228
2014-10-30,0.0182906618693947
2014-10-31,0.020502187202728
2014-11-01,0.0273530798485613
2014-11-02,0.0218590778485613
2014-11-03,0.017516029546478
2014-11-04,0.0173444475568947
2014-11-05,0.017085586452728
2014-11-06,0.0184397560673113
2014-11-07,0.018262114046478
2014-11-08,0.017833962015228
2014-11-09,0.0178804771923113
2014-11-10,0.0178745764318947
2014-11-11,0.0178856377860613
2014-11-12,0.0177689268381447
2014-11-13,0.0173196909110613
2014-11-14,0.0181605665568947
2014-11-15,0.0179278809631447
2014-11-16,0.0178234085048113
2014-11-17,0.0299560068173113
2014-11-18,0.0280213256610613
2014-11-19,0.0188036210985613
2014-11-20,0.0183131469006447
2014-11-21,0.0187874741923113
2014-11-22,0.0187902458485613
2014-11-23,0.0267793571610613
2014-11-24,0.031173978327728
2014-11-25,0.020408738046478
2014-11-26,0.0494901078381447
2014-11-27,0.042610009358978
2014-11-28,0.023703457702728
2014-11-29,0.021445906171478
2014-11-30,0.020221228358978
2014-12-01,0.019970116671478
2014-12-02,0.031921626421478
2014-12-03,0.0298119348693947
2014-12-04,0.0239965158798113
2014-12-05,0.0248321334318947
2014-12-06,0.025261818733978
2014-12-07,0.0251598527860613
2014-12-08,0.0241186549943947
2014-12-09,0.0248861390673113
2014-12-10,0.0242326762074323
2014-12-11,0.024554104858978
2014-12-12,0.0239963270048113
2014-12-13,0.023726315546478
2014-12-14,0.0247215436298113
2014-12-15,0.0234363739318947
2014-12-16,0.0232197471923113
2014-12-17,0.0226731188068947
2014-12-18,0.0272277865666986
2014-12-19,0.0276806825048113
2014-12-20,0.0273772016610613
2014-12-21,0.026902443515228
2014-12-22,0.0287881213381447
2014-12-23,0.0336505761818947
2014-12-24,0.044185528671478
2014-12-25,0.040162072483978
2014-12-26,0.033789617483978
2014-12-27,0.032577125577728
2014-12-28,0.0320569705568947
2014-12-29,0.036459181952728
2014-12-30,0.047578811921478
2014-12-31,0.104017068650645
2015-01-01,0.102717472473561
2015-01-02,0.101254026650645
2015-01-03,0.103369031400645
2015-01-04,0.104448445536061
2015-01-05,0.102836079525645
2015-01-06,0.100538003088145
2015-01-07,0.103137432317311
2015-01-08,0.102834284827728
2015-01-09,0.0984098739318947
2015-01-10,0.0994166653798113
2015-01-11,0.0975457869423113
2015-01-12,0.103729376588145
2015-01-13,0.103568336150645
2015-01-14,0.0990243285568947
2015-01-15,0.098757165890228
2015-01-16,0.100139742796478
2015-01-17,0.0990666342131447
2015-01-18,0.0959416921193947
2015-01-19,0.0951592533798113
2015-01-20,0.0956030048693947
2015-01-21,0.094539446827728
2015-01-22,0.095157341015228
2015-01-23,0.101560080744395
2015-01-24,0.104339583056895
2015-01-25,0.096644865952728
2015-01-26,0.0965388648068947
2015-01-27,0.0984568870985613
2015-01-28,0.093274353827728
2015-01-29,0.0763094010881447
2015-01-30,0.0693479364943947
2015-01-31,0.0630340469943947
2015-02-01,0.0561648695256447
2015-02-02,0.059587333483978
2015-02-03,0.0594371641193947
2015-02-04,0.051409852140228
2015-02-05,0.0533220823068947
2015-02-06,0.049488487077728
2015-02-07,0.0446133720256447
2015-02-08,0.043237339890228
2015-02-09,0.0431282455881447
2015-02-10,0.0448978808068947
2015-02-11,0.0438219920985613
2015-02-12,0.043562207640228
2015-02-13,0.045461735358978
2015-02-14,0.043326968796478
2015-02-15,0.0555179056506447
2015-02-16,0.0502821724943947
2015-02-17,0.055351829577728
2015-02-18,0.0452755596298113
2015-02-19,0.0476688077235613
2015-02-20,0.043055375640228
2015-02-21,0.061290957140228
2015-02-22,0.0696560491610613
2015-02-23,0.0537441419735613
2015-02-24,0.048243955015228
2015-02-25,0.046109197077728
2015-02-26,0.0464472640985613
2015-02-27,0.0458418694943947
2015-02-28,0.0454055165881447
2015-03-01,0.0448696551923113
2015-03-02,0.0510594080881447
2015-03-03,0.0516882426818947
2015-03-04,0.077983196890228
2015-03-05,0.162067859827728
2015-03-06,0.153152932317311
2015-03-07,0.105561721265228
2015-03-08,0.104739940713145
2015-03-09,0.107176834213145
2015-03-10,0.109369472192311
2015-03-11,0.114766957233978
2015-03-12,0.109408355963145
2015-03-13,0.105662862588145
2015-03-14,0.119189797588145
2015-03-15,0.116490555692311
2015-03-16,0.099425778421478
2015-03-17,0.090669652796478
2015-03-18,0.0846866421610613
2015-03-19,0.082432214327728
2015-03-20,0.0932805443381447
2015-03-21,0.0843897745985613
2015-03-22,0.0763558345568947
2015-03-23,0.070531080015228
2015-03-24,0.067366458890228
2015-03-25,0.0659413575673113
2015-03-26,0.076171631108978
2015-03-27,0.116961024119395
2015-03-28,0.110210725171478
2015-03-29,0.097501651202728
2015-03-30,0.0935829639631447
2015-03-31,0.0897145600689429
2015-04-01,0.0815363089943947
2015-04-02,0.0751740588693947
2015-04-03,0.0730884354006447
2015-04-04,0.072752224577728
2015-04-05,0.064788593733978
2015-04-06,0.0586009431506447
2015-04-07,0.066889821640228
2015-04-08,0.0703844746818947
2015-04-09,0.0858115908485613
2015-04-10,0.0839737934631447
2015-04-11,0.0728349900985613
2015-04-12,0.0669111459110613
2015-04-13,0.066068798515228
2015-04-14,0.0836200957548113
2015-04-15,0.095134671671478
2015-04-16,0.0883175286610613
2015-04-17,0.089528252640228
2015-04-18,0.083530222265228
2015-04-19,0.110890711431895
2015-04-20,0.162539214317311
2015-04-21,0.114702441546478
2015-04-22,0.105496598577728
2015-04-23,0.102711485431895
2015-04-24,0.101509459483978
2015-04-25,0.103721897963145
2015-04-26,0.107866285296478
2015-04-27,0.104207608369395
2015-04-28,0.0994072992860613
2015-04-29,0.097882568515228
2015-04-30,0.100205020411061
2015-05-01,0.107776105254811
2015-05-02,0.101784963556895
2015-05-03,0.0952573322443947
2015-05-04,0.0931448276193947
2015-05-05,0.091765884140228
2015-05-06,0.092537901296478
2015-05-07,0.089369146015228
2015-05-08,0.0822386799318947
2015-05-09,0.0778138389943947
2015-05-10,0.074684189796478
2015-05-11,0.072694852546478
2015-05-12,0.0705229378485613
2015-05-13,0.0655265403693947
2015-05-14,0.061033995358978
2015-05-15,0.059777859202728
2015-05-16,0.0604074634318947
2015-05-17,0.0611726964943947
2015-05-18,0.0678347589110613
2015-05-19,0.0675219122756447
2015-05-20,0.0604235294110613
2015-05-21,0.060997423483978
2015-05-22,0.059816894171478
2015-05-23,0.054610548265228
2015-05-24,0.0530223361506447
2015-05-25,0.0511747106610613
2015-05-26,0.050484508796478
2015-05-27,0.0495488418173113
2015-05-28,0.0481378116818947
2015-05-29,0.0469615606298113
2015-05-30,0.0456116806923113
2015-05-31,0.049173936765228
2015-06-01,0.0624772799735613
2015-06-02,0.0861360481610613
2015-06-03,0.0972654927443947
2015-06-04,0.078868051577728
2015-06-05,0.0736478201298113
2015-06-06,0.0680590677860613
2015-06-07,0.0620383336298113
2015-06-08,0.0792236999837239
2015-06-09,0.0887952070881447
2015-06-10,0.074971376608978
2015-06-11,0.0690239222548113
2015-06-12,0.0645955694943947
2015-06-13,0.0625582012131447
2015-06-14,0.0620240017548113
2015-06-15,0.0593272609631447
2015-06-16,0.0550236588693947
2015-06-17,0.065620884577728
2015-06-18,0.0789025606818947
2015-06-19,0.0684073129943947
2015-06-20,0.061476474827728
2015-06-21,0.0595394380881447
2015-06-22,0.0546597291923113
2015-06-23,0.0507661284110613
2015-06-24,0.045370732452728
2015-06-25,0.0416017720985613
2015-06-26,0.044050520515228
2015-06-27,0.059915601765228
2015-06-28,0.0546618914631447
2015-06-29,0.0405394130360613
2015-06-30,0.0416316645568947
2015-07-01,0.042332105733978
2015-07-02,0.0389432660673113
2015-07-03,0.0417517590673113
2015-07-04,0.044720752733978
2015-07-05,0.046150649983978
2015-07-06,0.0723804048798113
2015-07-07,0.0684780940881447
2015-07-08,0.053565536827728
2015-07-09,0.0519692578381447
2015-07-10,0.0456774492443947
2015-07-11,0.0455539785985613
2015-07-12,0.0500938259006447
2015-07-13,0.106964602108978
2015-07-14,0.097464711296478
2015-07-15,0.071194628952728
2015-07-16,0.059837642608978
2015-07-17,0.055151771452728
2015-07-18,0.0545046546506447
2015-07-19,0.0541017120360613
2015-07-20,0.0508339485673113
2015-07-21,0.0457996501506447
2015-07-22,0.041095827515228
2015-07-23,0.0380395333798113
2015-07-24,0.0367586205881447
2015-07-25,0.036002284827728
2015-07-26,0.0348299356610613
2015-07-27,0.033284534640228
2015-07-28,0.0395029478381447
2015-07-29,0.0396199193173113
2015-07-30,0.037774396358978
2015-07-31,0.0349333839110613
2015-08-01,0.032388271577728
2015-08-02,0.0303802588485613
2015-08-03,0.0287631968680058
2015-08-04,0.0278452895256447
2015-08-05,0.0272645430673113
2015-08-06,0.0284293000360613
2015-08-07,0.028254326546478
2015-08-08,0.025737189327728
2015-08-09,0.024782872952728
2015-08-10,0.0419927888068947
2015-08-11,0.0560011996610613
2015-08-12,0.0377835205048113
2015-08-13,0.0338194604318947
2015-08-14,0.032607460858978
2015-08-15,0.031938454077728
2015-08-16,0.0337444873693947
2015-08-17,0.032258842952728
2015-08-18,0.030104253358978
2015-08-19,0.0355794413173113
2015-08-20,0.033802292046478
2015-08-21,0.026999115796478
2015-08-22,0.025329274265228
2015-08-23,0.0249014820256447
2015-08-24,0.0243391108485613
2015-08-25,0.021945713202728
2015-08-26,0.0231365907976354
2015-08-27,0.024098770483978
2015-08-28,0.0234951403485613
2015-08-29,0.0228159176923113
2015-08-30,0.022239771202728
2015-08-31,0.0220482797756447
2015-09-01,0.0217761405568947
2015-09-02,0.0211883697443947
2015-09-03,0.0207165918068947
2015-09-04,0.0343078903693947
2015-09-05,0.0365335949943947
2015-09-06,0.027933677577728
2015-09-07,0.0268188279110613
2015-09-08,0.026160180265228
2015-09-09,0.027761126858978
2015-09-10,0.0277908984943947
2015-09-11,0.0246948870881447
2015-09-12,0.0236672663068947
2015-09-13,0.0221256867131447
2015-09-14,0.0196993454943947
2015-09-15,0.0185693912131447
2015-09-16,0.017967912671478
2015-09-17,0.0176434634110613
2015-09-18,0.0171802701193947
2015-09-19,0.0167607555673113
2015-09-20,0.0163071066923113
2015-09-21,0.0445879954631447
2015-09-22,0.0544136357235613
2015-09-23,0.0351656451506447
2015-09-24,0.0323872838068947
2015-09-25,0.034465194421478
2015-09-26,0.067534316358978
2015-09-27,0.118333418327728
2015-09-28,0.103707748588145
2015-09-29,0.161508517817764
2015-09-30,0.135120892546478
2015-10-01,0.0920667878693947
2015-10-02,0.110707659348561
2015-10-03,0.145295034036061
2015-10-04,0.122710867265228
2015-10-05,0.097785792640228
2015-10-06,0.090089893921478
2015-10-07,0.088965964233978
2015-10-08,0.0881693992548113
2015-10-09,0.0922686310360613
2015-10-10,0.0937912708068947
2015-10-11,0.0901441230568947
2015-10-12,0.0882418312131447
2015-10-13,0.088140991327728
2015-10-14,0.087534476765228
2015-10-15,0.091223849796478
2015-10-16,0.0919755468798113
2015-10-17,0.092269838421478
2015-10-18,0.0928668239631447
2015-10-19,0.0901225498068947
2015-10-20,0.0873542309631447
2015-10-21,0.080541349390228
2015-10-22,0.0736012259423113
2015-10-23,0.0652758953798113
2015-10-24,0.055970901358978
2015-10-25,0.052334268640228
2015-10-26,0.048181877640228
2015-10-27,0.068755669640228
2015-10-28,0.144005278942311
2015-10-29,0.113428684890228
2015-10-30,0.089227038046478
2015-10-31,0.0912462614047208
2015-11-01,0.0923019413798113
2015-11-02,0.0890119757443947
2015-11-03,0.0879952317860613
2015-11-04,0.081472186921478
2015-11-05,0.079782558940228
2015-11-06,0.0752132636494873
2015-11-07,0.0723262477076883
2015-11-08,0.0667378505049821
2015-11-09,0.0872696545330851
2015-11-10,0.110352955490961
2015-11-11,0.0905115935512767
2015-11-12,0.0856663446516315
2015-11-13,0.0808339386600693
2015-11-14,0.0749902644117334
2015-11-15,0.0689625556283232
2015-11-16,0.0643225742244924
2015-11-17,0.0603395654590686
2015-11-18,0.0682764129930649
2015-11-19,0.128946962099223
2015-11-20,0.115805596543526
2015-11-21,0.0980364517467342
2015-11-22,0.0929020886275468
2015-11-23,0.0892983550087663
2015-11-24,0.0853363842308077
2015-11-25,0.0822283174140375
2015-11-26,0.0740968609866244
2015-11-27,0.07181016146115
2015-11-28,0.0676247252437079
2015-11-29,0.0651461557325703
2015-11-30,0.0782152920735613
2015-12-01,0.122926635248384
2015-12-02,0.128810867174542
2015-12-03,0.10790289229499
2015-12-04,0.0986519075201715
2015-12-05,0.0964980161307583
2015-12-06,0.0966282444847022
2015-12-07,0.096644801546142
2015-12-08,0.0944568917945996
2015-12-09,0.0914907739148182
2015-12-10,0.0906802114885887
2015-12-11,0.0871644341379757
2015-12-12,0.0855653616525231
2015-12-13,0.0832648167574294
2015-12-14,0.08316584196115
2015-12-15,0.0802249177253439
2015-12-16,0.0767974212253157
2015-12-17,0.0920496883830979
2015-12-18,0.0931418827382133
2015-12-19,0.0803749564332387
2015-12-20,0.0771352133937368
2015-12-21,0.0757205285754132
2015-12-22,0.0772328874989999
2015-12-23,0.0916497249877457
2015-12-24,0.11128877673449
2015-12-25,0.107825626595356
2015-12-26,0.0971987584047208
2015-12-27,0.0962402287413866
2015-12-28,0.0960848622921888
2015-12-29,0.10376972771827
2015-12-30,0.10081689420128
2015-12-31,0.0976484240730237
2016-01-01,0.0959498566173342
2016-01-02,0.0968602857934538
2016-01-03,0.0945599188190568
2016-01-04,0.0928586028804241
2016-01-05,0.0897827021585896
2016-01-06,0.0870245134847022
2016-01-07,0.0831522530784
2016-01-08,0.0816596192481515
2016-01-09,0.0883981728187994
2016-01-10,0.100770221922486
2016-01-11,0.0933824369647894
2016-01-12,0.0879526385985613
2016-01-13,0.0851529817756447
2016-01-14,0.0721879468798113
2016-01-15,0.0816626763485613
2016-01-16,0.091229594921478
2016-01-17,0.0857265266193947
2016-01-18,0.090395660796478
2016-01-19,0.0881007130985613
2016-01-20,0.0675517262860613
2016-01-21,0.0666373742235613
2016-01-22,0.0763102376818947
2016-01-23,0.102141290098561
2016-01-24,0.0938611669318947
2016-01-25,0.0833269051193947
2016-01-26,0.0743456017131447
2016-01-27,0.0819337264423113
2016-01-28,0.0811276539631447
2016-01-29,0.0767527664631447
2016-01-30,0.070435436640228
2016-01-31,0.0761267510256447
2016-02-01,0.0872882913798113
2016-02-02,0.109779945942311
2016-02-03,0.172525767254811
2016-02-04,0.173699388473561
2016-02-05,0.122137621702728
2016-02-06,0.111776010202728
2016-02-07,0.109871906098561
2016-02-08,0.111061520296478
2016-02-09,0.111513753348561
2016-02-10,0.110060783848561
2016-02-11,0.108963588015228
2016-02-12,0.104407177452728
2016-02-13,0.110061428348561
2016-02-14,0.106401721733978
2016-02-15,0.104077651942311
2016-02-16,0.154565783254811
2016-02-17,0.141586310369395
2016-02-18,0.113878194129811
2016-02-19,0.110734980286061
2016-02-20,0.117180377921478
2016-02-21,0.133652013140228
2016-02-22,0.135154371317311
2016-02-23,0.146473747463145
2016-02-24,0.179223562931895
2016-02-25,0.166353675858978
2016-02-26,0.126994349108978
2016-02-27,0.115776712108978
2016-02-28,0.114546717275645
2016-02-29,0.125422841358978
2016-03-01,0.135088164848561
2016-03-02,0.139163089588145
2016-03-03,0.119542076275645
2016-03-04,0.113999116421478
2016-03-05,0.109941131588145
2016-03-06,0.109023434900645
2016-03-07,0.105807556181895
2016-03-08,0.105247446098561
2016-03-09,0.105192808723561
2016-03-10,0.103614349546478
2016-03-11,0.105140358723561
2016-03-12,0.102015658202728
2016-03-13,0.103511566904721
2016-03-14,0.121320119202728
2016-03-15,0.128071429390228
2016-03-16,0.111959162963145
2016-03-17,0.109519039650645
2016-03-18,0.107868330306895
2016-03-19,0.112813936161061
2016-03-20,0.110137864890228
2016-03-21,0.112703518577728
2016-03-22,0.104642811327728
2016-03-23,0.106077873485466
2016-03-24,0.102570537786061
2016-03-25,0.104942653275645
2016-03-26,0.103929782775645
2016-03-27,0.102413055754811
2016-03-28,0.108853668890228
2016-03-29,0.107055985806895
2016-03-30,0.102124973692311
2016-03-31,0.0999609320568947
2016-04-01,0.107493678077728
2016-04-02,0.106057048223561
2016-04-03,0.103920559411061
2016-04-04,0.101671078077728
2016-04-05,0.103783886650645
2016-04-06,0.0997792431506447
2016-04-07,0.104386717640228
2016-04-08,0.104346338900645
2016-04-09,0.105871585296478
2016-04-10,0.101944290661061
2016-04-11,0.0996998456298113
2016-04-12,0.101412156056895
2016-04-13,0.100310066129811
2016-04-14,0.100984076754811
2016-04-15,0.100245350150645
2016-04-16,0.0998850146506447
2016-04-17,0.0995889773173113
2016-04-18,0.10159710033349
2016-04-19,0.103021505390228
2016-04-20,0.100020519640228
2016-04-21,0.0979462619631447
2016-04-22,0.104419544286061
2016-04-23,0.105123349890228
2016-04-24,0.097903388296478
2016-04-25,0.0964674370881447
2016-04-26,0.0959838098693947
2016-04-27,0.0975140880985613
2016-04-28,0.0990382628068947
2016-04-29,0.0951986658381447
2016-04-30,0.0895792877131447
2016-05-01,0.117414800056895
2016-05-02,0.119605985431895
2016-05-03,0.108780115588145
2016-05-04,0.0988479606610613
2016-05-05,0.116043694067311
2016-05-06,0.115553694129811
2016-05-07,0.100731713577728
2016-05-08,0.098908850890228
2016-05-09,0.0954769480568947
2016-05-10,0.0964317259318947
2016-05-11,0.110407556171478
2016-05-12,0.113319212879811
2016-05-13,0.103215316046478
2016-05-14,0.095767423608978
2016-05-15,0.094409864921478
2016-05-16,0.0902329347131447
2016-05-17,0.0908497925881447
2016-05-18,0.090794371108978
2016-05-19,0.0868023415360613
2016-05-20,0.0831100636298113
2016-05-21,0.109097733786061
2016-05-22,0.113590340171478
2016-05-23,0.100951049171478
2016-05-24,0.0968577679318947
2016-05-25,0.0935683522756447
2016-05-26,0.0927070790673113
2016-05-27,0.091866164921478
2016-05-28,0.0888062822860613
2016-05-29,0.0903897100881447
2016-05-30,0.0940106014943947
2016-05-31,0.0913996563485613
2016-06-01,0.0872966472235613
2016-06-02,0.0833142173381447
2016-06-03,0.079125330296478
2016-06-04,0.0788856029006447
2016-06-05,0.0845175061193947
2016-06-06,0.0741815484423113
2016-06-07,0.0661928677756447
2016-06-08,0.0599277713798113
2016-06-09,0.0564508958684889
2016-06-10,0.0549776504731109
2016-06-11,0.0547300864947645
2016-06-12,0.0534519571068947
2016-06-13,0.05008636844151
2016-06-14,0.047501689875576
2016-06-15,0.0683545338820313
2016-06-16,0.0912554704885886
2016-06-17,0.0918343333108629
2016-06-18,0.0756814428206309
2016-06-19,0.0638220631913976
2016-06-20,0.0595194863325703
2016-06-21,0.0597422022911804
2016-06-22,0.0585266538883553
2016-06-23,0.088934492618392
2016-06-24,0.114975231304086
2016-06-25,0.0876916658964669
2016-06-26,0.076715429731052
2016-06-27,0.074388159178282
2016-06-28,0.0706869101291169
2016-06-29,0.060143464397554
2016-06-30,0.0576360356615458
2016-07-01,0.0561204581661843
2016-07-02,0.0637517475288048
2016-07-03,0.0792591438800991
2016-07-04,0.0835191091325704
2016-07-05,0.0919786313956925
2016-07-06,0.0730415770289617
2016-07-07,0.0646874181686265
2016-07-08,0.067206665821922
2016-07-09,0.065123329542609
2016-07-10,0.0570390109758136
2016-07-11,0.0544292408546475
2016-07-12,0.0720861510853038
2016-07-13,0.0748358339132483
2016-07-14,0.0621678501636362
2016-07-15,0.0576247921355464
2016-07-16,0.0555073478513391
2016-07-17,0.0535389583864401
2016-07-18,0.0525165006142717
2016-07-19,0.0494381432382133
2016-07-20,0.0460580563368947
2016-07-21,0.0418664518827374
2016-07-22,0.0396143481201131
2016-07-23,0.0383053604311963
2016-07-24,0.0368635398535048
2016-07-25,0.039826890729211
2016-07-26,0.0422777692680058
2016-07-27,0.0482735102500765
2016-07-28,0.0625494833883864
2016-07-29,0.0636952222872317
2016-07-30,0.0526112913574411
2016-07-31,0.0621771308209396
2016-08-01,0.0590240461333974
2016-08-02,0.0546729209360155
2016-08-03,0.0644214946973441
2016-08-04,0.0675945197457836
2016-08-05,0.066571321702609
2016-08-06,0.062781630436205
2016-08-07,0.0528586165025468
2016-08-08,0.0548695619954421
2016-08-09,0.0577672530460838
2016-08-10,0.061967285725434
2016-08-11,0.054093432242687
2016-08-12,0.0499838310839217
2016-08-13,0.0481490398278444
2016-08-14,0.0464514851673919
2016-08-15,0.0516857980623892
2016-08-16,0.0519312295820343
2016-08-17,0.0447490318261254
2016-08-18,0.0406837194580246
2016-08-19,0.0395609422443947
2016-08-20,0.0403189362425234
2016-08-21,0.040577098408543
2016-08-22,0.0359784130516037
2016-08-23,0.032653977725403
2016-08-24,0.0316394248422054
2016-08-25,0.0317683688434115
2016-08-26,0.0312320351235613
2016-08-27,0.0303358661503013
2016-08-28,0.0290409915758136
2016-08-29,0.0272847546614144
2016-08-30,0.0264799965486979
2016-08-31,0.0327011574799716
2016-09-01,0.0403120788938512
2016-09-02,0.0313840628579996
2016-09-03,0.0265287001235613
2016-09-04,0.0255874816701543
2016-09-05,0.0246104561359907
2016-09-06,0.0240091309961212
2016-09-07,0.0228954660735613
2016-09-08,0.0223762983337308
2016-09-09,0.0216650965568947
2016-09-10,0.0209965640349166
2016-09-11,0.0202128536962389
2016-09-12,0.0184724997216991
2016-09-13,0.0179356685486979
2016-09-14,0.0180929243700815
2016-09-15,0.0168873010405012
2016-09-16,0.0163278816454661
2016-09-17,0.0161821082928497
2016-09-18,0.0162560529735613
2016-09-19,0.0599811524210251
2016-09-20,0.0493977738490295
2016-09-21,0.0404139878434115
2016-09-22,0.035701185983861
2016-09-23,0.033300753219816
2016-09-24,0.0319300564535427
2016-09-25,0.0299111466591046
2016-09-26,0.0379141297068947
2016-09-27,0.0539320377255694
2016-09-28,0.066640926984269
2016-09-29,0.133978180342609
2016-09-30,0.171736271489327
2016-10-01,0.11056354191627
2016-10-02,0.0960341672555248
2016-10-03,0.0899989274175504
2016-10-04,0.0894504290996754
2016-10-05,0.0882423857546969
2016-10-06,0.0876668981063452
2016-10-07,0.135071835140694
2016-10-08,0.199902770438338
2016-10-09,0.132780531570593
2016-10-10,0.0983659858190568
2016-10-11,0.0940091015291169
2016-10-12,0.0922715938499981
2016-10-13,0.0925734049373294
2016-10-14,0.0901626298961804
2016-10-15,0.0871743951134984
2016-10-16,0.0862874420822111
2016-10-17,0.0874591809959191
2016-10-18,0.0891564958216006
2016-10-19,0.0907349765474607
2016-10-20,0.0869658595568947
2016-10-21,0.0884979183274829
2016-10-22,0.0883402551494872
2016-10-23,0.08699591176112
2016-10-24,0.0885390616735613
2016-10-25,0.0852479466750765
2016-10-26,0.0840787346263391
2016-10-27,0.0852096763568947
2016-10-28,0.0854816777235613
2016-10-29,0.0853648119076409
2016-10-30,0.0852339678485613
2016-10-31,0.084259737427265
2016-11-01,0.0844777755345327
2016-11-02,0.0846958136418003
2016-11-03,0.0841414510062617
2016-11-04,0.0865457215807042
2016-11-05,0.084586534740228
2016-11-06,0.0850784334449544
2016-11-07,0.0854997801818947
2016-11-08,0.0887993622921888
2016-11-09,0.085885508990228
2016-11-10,0.0875525578537697
2016-11-11,0.0839654686568947
2016-11-12,0.0806443885314709
2016-11-13,0.0790557525492024
2016-11-14,0.0782278478463684
2016-11-15,0.066734323220531
2016-11-16,0.0600673377338177
2016-11-17,0.0556566720042631
2016-11-18,0.0541931532323333
2016-11-19,0.0494917669253157
2016-11-20,0.0532066064446498
2016-11-21,0.0454107801818947
2016-11-22,0.0421569898818947
2016-11-23,0.0412652272537084
2016-11-24,0.0403734646255221
2016-11-25,0.0402182495184331
2016-11-26,0.0383035519105532
2016-11-27,0.0373903356818947
2016-11-28,0.036680215090228
2016-11-29,0.0577806900568947
2016-11-30,0.0672766270863064
2016-12-01,0.0638186491157182
2016-12-02,0.0537830630796219
2016-12-03,0.0535784419140375
2016-12-04,0.0540464146254661
2016-12-05,0.0532121873368947
2016-12-06,0.0774100642568947
2016-12-07,0.0876359811768947
2016-12-08,0.0612724310628406
2016-12-09,0.0501830409487866
2016-12-10,0.0408184523463683
2016-12-11,0.0365667945568947
2016-12-12,0.0332960112387128
2016-12-13,0.0365539200568947
2016-12-14,0.0293017040568947
2016-12-15,0.0229998050224119
2016-12-16,0.0230367256818947
2016-12-17,0.0178389443794753
2016-12-18,0.017754832530685
2016-12-19,0.0163567056818947
2016-12-20,0.0153888988968947
2016-12-21,0.0133141138708482
2016-12-22,0.0129042978510123
2016-12-23,0.0128562188187994
2016-12-24,0.018973650608053
2016-12-25,0.0189796673973065
2016-12-26,0.01306118418656
2016-12-27,0.0131805909758136
2016-12-28,0.0132542175262824
2016-12-29,0.015905818420531
2016-12-30,0.015805641635842
2016-12-31,0.0132663387841674
2017-01-01,0.012944289890228
2017-01-02,0.0147083413756081
2017-01-03,0.0203298628609882
2017-01-04,0.0197836993463684
2017-01-05,0.0141296390568947
2017-01-06,0.0138344055568947
2017-01-07,0.0134748270568947
2017-01-08,0.0175037598004844
2017-01-09,0.0191463050781713
2017-01-10,0.0137690010568947
2017-01-11,0.0191852977235613
2017-01-12,0.0230581307492024
2017-01-13,0.0248062495013391
2017-01-14,0.0288899240568947
2017-01-15,0.0226275168641863
2017-01-16,0.015458765671478
2017-01-17,0.0162454464787697
2017-01-18,0.0159742172860613
2017-01-19,0.0140662303606921
2017-01-20,0.0169423820336389
2017-01-21,0.0204090547711804
2017-01-22,0.0263185185083938
2017-01-23,0.0515158422456072
2017-01-24,0.0573172289828206
2017-01-25,0.0358341904626918
2017-01-26,0.0314023001536689
2017-01-27,0.0320812049140375
2017-01-28,0.0299038057235613
2017-01-29,0.0310001389140375
2017-01-30,0.0277568799854661
2017-01-31,0.0246239048932583
2017-02-01,0.0245098537590223
2017-02-02,0.0219409301632776
2017-02-03,0.0246941227235613
2017-02-04,0.0190535982932583
2017-02-05,0.0168122157968947
2017-02-06,0.0158324405881447
2017-02-07,0.0153655371607908
2017-02-08,0.0158923856124502
2017-02-09,0.0176994191214108
2017-02-10,0.0154103605568947
2017-02-11,0.0131770940568947
2017-02-12,0.0133685395368947
2017-02-13,0.0131866848620895
2017-02-14,0.0127141392473709
2017-02-15,0.0139790435568947
2017-02-16,0.0137969822849648
2017-02-17,0.0124622621140375
2017-02-18,0.0124843918381447
2017-02-19,0.0126266012876639
2017-02-20,0.0124657569568947
2017-02-21,0.0124168099140375
2017-02-22,0.014579260390228
2017-02-23,0.0146250941818947
2017-02-24,0.0124402920994479
2017-02-25,0.0127299741068947
2017-02-26,0.0126260012107408
2017-02-27,0.0124602819980711
2017-02-28,0.0146040335085076
2017-03-01,0.0172652609030485
2017-03-02,0.015159525142609
2017-03-03,0.0125347439264599
2017-03-04,0.0124086070568947
2017-03-05,0.0124022270568947
2017-03-06,0.0124107337235613
2017-03-07,0.0141469340013391
2017-03-08,0.0141466022235613
2017-03-09,0.0124401940568947
2017-03-10,0.0126145192791169
2017-03-11,0.012438613590228
2017-03-12,0.0129505882620229
2017-03-13,0.0138383386932583
2017-03-14,0.0172329404541549
2017-03-15,0.0158456923475923
2017-03-16,0.0128936519749275
2017-03-17,0.0162860666157182
2017-03-18,0.0181789776023492
2017-03-19,0.0140350262912697
2017-03-20,0.0131901118187994
2017-03-21,0.0132609784854661
2017-03-22,0.0135464293852529
2017-03-23,0.0129145873140375
2017-03-24,0.0125268260568947
2017-03-25,0.0125351113726841
2017-03-26,0.0131150262107408
2017-03-27,0.013157553842609
2017-03-28,0.0171926272349769
2017-03-29,0.016274510354767
2017-03-30,0.0127308946283232
2017-03-31,0.0278453931867648
2017-04-01,0.0262586571193947
2017-04-02,0.0135931598283232
2017-04-03,0.0234643016438512
2017-04-04,0.0239304356506447
2017-04-05,0.0146186501379757
2017-04-06,0.0187672658307042
2017-04-07,0.018670539421478
2017-04-08,0.0136583417279473
2017-04-09,0.0132493480896816
2017-04-10,0.0129485163726841
2017-04-11,0.0127837263630171
2017-04-12,0.0130879200415101
2017-04-13,0.0129088211731737
2017-04-14,0.0127600601478038
2017-04-15,0.0169794376997518
2017-04-16,0.0163978417748434
2017-04-17,0.0136323156007543
2017-04-18,0.0141563749890981
2017-04-19,0.0146918044623001
2017-04-20,0.0168050832637912
2017-04-21,0.0152815819487866
2017-04-22,0.0215316980430058
2017-04-23,0.0319349070985613
2017-04-24,0.079478063921478
2017-04-25,0.097954923327728
2017-04-26,0.0633392362756447
2017-04-27,0.0577993110048113
2017-04-28,0.0585318114943947
2017-04-29,0.0541866078485613
2017-04-30,0.050294552733978
2017-05-01,0.0492638477492024
2017-05-02,0.0498363703693947
2017-05-03,0.039266258140228
2017-05-04,0.0387385679110613
2017-05-05,0.175839896723561
2017-05-06,0.130300429983978
2017-05-07,0.100431096233978
2017-05-08,0.0953114625881447
2017-05-09,0.095373857702728
2017-05-10,0.095504286608978
2017-05-11,0.0908190914121578
2017-05-12,0.0981659829423113
2017-05-13,0.101434295077728
2017-05-14,0.087530880358978
2017-05-15,0.0821656797860613
2017-05-16,0.0690320946923113
2017-05-17,0.0614900356298113
2017-05-18,0.0530270354110613
2017-05-19,0.0488036642443947
2017-05-20,0.0519721026818947
2017-05-21,0.0473510882860613
2017-05-22,0.0480121100256447
2017-05-23,0.0616115751726841
2017-05-24,0.103462971296478
2017-05-25,0.147949236098561
2017-05-26,0.110647407900645
2017-05-27,0.096955226390228
2017-05-28,0.092227848202728
2017-05-29,0.092391030765228
2017-05-30,0.0873767546193947
2017-05-31,0.0824693245985613
2017-06-01,0.0748669808068947
2017-06-02,0.0640822115881447
2017-06-03,0.0545361479006447
2017-06-04,0.049792076983978
2017-06-05,0.0638989649631447
2017-06-06,0.060410052015228
2017-06-07,0.0456763826506447
2017-06-08,0.039748874983978
2017-06-09,0.0392259888693947
2017-06-10,0.036230812671478
2017-06-11,0.033305507608978
2017-06-12,0.0309000052443947
2017-06-13,0.0382110676923113
2017-06-14,0.0403574655200526
2017-06-15,0.0457881069832105
2017-06-16,0.045062675546478
2017-06-17,0.0533958254735613
2017-06-18,0.0625475456506447
2017-06-19,0.059131006046478
2017-06-20,0.0601392114318947
2017-06-21,0.0480875245249798
2017-06-22,0.0346994156818947
2017-06-23,0.027504299983978
2017-06-24,0.0283438889943947
2017-06-25,0.0190396609006447
2017-06-26,0.0136144950891527
2017-06-27,0.0134032035516315
2017-06-28,0.0134482877085801
2017-06-29,0.0130264115294221
2017-06-30,0.0132234451318947
2017-07-01,0.0139324898098358
2017-07-02,0.013475942353598
2017-07-03,0.0130920522818947
2017-07-04,0.0145862605330851
2017-07-05,0.0227279410457836
2017-07-06,0.0193089968503729
2017-07-07,0.0147628020256447
2017-07-08,0.0139132796865243
2017-07-09,0.0130023253395034
2017-07-10,0.0131362307518099
2017-07-11,0.0131064950842919
2017-07-12,0.0129139880705933
2017-07-13,0.0145350211932583
2017-07-14,0.0142883689368947
2017-07-15,0.0129817481697979
2017-07-16,0.0127888637377457
2017-07-17,0.0128208083612425
2017-07-18,0.0224653255832105
2017-07-19,0.0187666766443947
2017-07-20,0.0130181521258602
2017-07-21,0.0129368850568947
2017-07-22,0.0131372127325703
2017-07-23,0.013736665948199
2017-07-24,0.0279125881420011
2017-07-25,0.02547984688822
2017-07-26,0.0126706761068947
2017-07-27,0.0144444196775843
2017-07-28,0.0159781193592202
2017-07-29,0.0172142926764599
2017-07-30,0.0137893215330851
2017-07-31,0.0125149688144704
2017-08-01,0.0125256705396533
2017-08-02,0.0162840648187994
2017-08-03,0.016361485298274
2017-08-04,0.013499157890228
2017-08-05,0.0138556931997518
2017-08-06,0.0125330013068947
2017-08-07,0.0267604062876639
2017-08-08,0.0220568470216005
2017-08-09,0.0138904127039535
2017-08-10,0.0125427683068947
2017-08-11,0.0130724070568947
2017-08-12,0.0134320726722793
2017-08-13,0.0129443591506447
2017-08-14,0.0126133931997518
2017-08-15,0.0138128410246366
2017-08-16,0.0137797316478038
2017-08-17,0.0137973695863064
2017-08-18,0.013793123640228
2017-08-19,0.012592593390228
2017-08-20,0.012530239390228
2017-08-21,0.0151451687235613
2017-08-22,0.0153491580568947
2017-08-23,0.0124468268068947
2017-08-24,0.0124532670568947
2017-08-25,0.0125008591818947
2017-08-26,0.0125484513068947
2017-08-27,0.0126640434318947
2017-08-28,0.0127116355568947
2017-08-29,0.0174575176818947
2017-08-30,0.0182663698068947
2017-08-31,0.0134792910383761
2017-09-01,0.0217062222698576
2017-09-02,0.0255904185013391
2017-09-03,0.0165958629033859
2017-09-04,0.0127049623054327
2017-09-05,0.0137720267074795
2017-09-06,0.0202922661095262
2017-09-07,0.0191954294102781
2017-09-08,0.01264533271103
2017-09-09,0.0126006260117819
2017-09-10,0.0125560043125338
2017-09-11,0.0126453426132856
2017-09-12,0.0222721909140375
2017-09-13,0.0239147750568947
2017-09-14,0.0144794890634306
2017-09-15,0.0127618200699666
2017-09-16,0.0125963340765025
2017-09-17,0.0125819630830385
2017-09-18,0.0127512720895744
2017-09-19,0.0127736810961104
2017-09-20,0.0133737501026463
2017-09-21,0.0134102691091822
2017-09-22,0.0127468981157182
2017-09-23,0.0124399797711804
2017-09-24,0.0124022270568947
2017-09-25,0.0124437600568947
2017-09-26,0.0124852930568947
2017-09-27,0.0127641365114401
2017-09-28,0.0124857724168947
2017-09-29,0.0124234535568947
2017-09-30,0.0124775165568947
2017-10-01,0.012419240390228
2017-10-02,0.0124213670568947
2017-10-03,0.0125176672147894
2017-10-04,0.0125185845807042
2017-10-05,0.0126445042308077
2017-10-06,0.0126951057131447
2017-10-07,0.0128064205730237
2017-10-08,0.0176505797235613
2017-10-09,0.032318335676613
2017-10-10,0.0243720640568947
2017-10-11,0.0230364999299105
2017-10-12,0.0209233070568947
2017-10-13,0.0139644487235613
2017-10-14,0.013224741390228
2017-10-15,0.0126600683103669
2017-10-16,0.0130874902305058
2017-10-17,0.0131733101506447
2017-10-18,0.0130092990707836
2017-10-19,0.0130917759909224
2017-10-20,0.0132234529110613
2017-10-21,0.0133551298312002
2017-10-22,0.0134868067513391
2017-10-23,0.031627603671478
2017-10-24,0.0317592805916169
2017-10-25,0.0138818375117558
2017-10-26,0.0140537144318947
2017-10-27,0.0141853913520336
2017-10-28,0.0156358482721724
2017-10-29,0.0209753051923113
2017-10-30,0.0197480021124502
2017-10-31,0.0146718990325891
2017-11-01,0.014807995952728
2017-11-02,0.0149396728728669
2017-11-03,0.0151857597930058
2017-11-04,0.0185475217131447
2017-11-05,0.0185634286332836
2017-11-06,0.0157966055534224
2017-11-07,0.0166414324735613
2017-11-08,0.0169418343937002
2017-11-09,0.0179082963138391
2017-11-10,0.017539663233978
2017-11-11,0.0161203451541169
2017-11-12,0.0175275320742558
2017-11-13,0.0176592089943947
2017-11-14,0.0157936604715288
2017-11-15,0.0157239772932583
2017-11-16,0.0156803117235613
2017-11-17,0.0153102425568947
2017-11-18,0.015289415921478
2017-11-19,0.0169058315568947
2017-11-20,0.0161426382235613
2017-11-21,0.0154820153693947
2017-11-22,0.016631186890228
2017-11-23,0.0166212032131447
2017-11-24,0.0160252418173113
2017-11-25,0.0157298402131447
2017-11-26,0.0157856868068947
2017-11-27,0.0156096613068947
2017-11-28,0.0155366661923113
2017-11-29,0.015271657577728
2017-11-30,0.0147807636610613
2017-12-01,0.0151021618485613
2017-12-02,0.014089856296478
2017-12-03,0.0142299428068947
2017-12-04,0.0138819188381447
2017-12-05,0.0144492366610613
2017-12-06,0.0146505249157182
2017-12-07,0.0134413250765025
2017-12-08,0.0136441598068947
2017-12-09,0.0175971816568947
2017-12-10,0.0173295257478038
2017-12-11,0.0143150817518099
2017-12-12,0.0155027790857964
2017-12-13,0.0154171981761
2017-12-14,0.0136964445375576
2017-12-15,0.0136905658581767
2017-12-16,0.0131331383931779
2017-12-17,0.0136155039000319
2017-12-18,0.0143895357866244
2017-12-19,0.0143304920400879
2017-12-20,0.0135072658872518
2017-12-21,0.0135074715264599
2017-12-22,0.0139666464350459
2017-12-23,0.016424042827728
2017-12-24,0.0154606315985613
2017-12-25,0.0136849517266194
2017-12-26,0.0133270851521328
2017-12-27,0.0134003615235613
2017-12-28,0.0136382410568947
2017-12-29,0.0141475711568947
2017-12-30,0.013186914858978
2017-12-31,0.0157434995360613
2018-01-01,0.0219135090256447
2018-01-02,0.0329808188824761
2018-01-03,0.0144268867131447
2018-01-04,0.0186320402525468
2018-01-05,0.0292138106193947
2018-01-06,0.0212526964943947
2018-01-07,0.0222240208693947
2018-01-08,0.0164763803693947
2018-01-09,0.014774650952728
2018-01-10,0.012751371765228
2018-01-11,0.0143174928173113
2018-01-12,0.0246592709943947
2018-01-13,0.027130516265228
2018-01-14,0.0179110326610613
2018-01-15,0.0166491497200526
2018-01-16,0.0142914815735613
2018-01-17,0.0129997956779473
2018-01-18,0.0163770288485613
2018-01-19,0.0147223788103193
2018-01-20,0.0152126063027963
2018-01-21,0.0173622279235613
2018-01-22,0.0155815508829816
2018-01-23,0.0157477660442364
2018-01-24,0.0155153236124502
2018-01-25,0.0124700529421406
2018-01-26,0.01244497514513
2018-01-27,0.0124022270568947
2018-01-28,0.0171546944735613
2018-01-29,0.0216087843798113
2018-01-30,0.0176135493937368
2018-01-31,0.0127061535412697
2018-02-01,0.0125188517921888
2018-02-02,0.0129926131961352
2018-02-03,0.0142447347443947
2018-02-04,0.0380981336818947
2018-02-05,0.035848447921478
2018-02-06,0.0156046190360613
2018-02-07,0.0575146486610613
2018-02-08,0.053345050921478
2018-02-09,0.0149235712131447
2018-02-10,0.019224819046478
2018-02-11,0.057545270233978
2018-02-12,0.0381524288485613
2018-02-13,0.0215657201961352
2018-02-14,0.0144858258485613
2018-02-15,0.0134798361298113
2018-02-16,0.013789066171478
2018-02-17,0.0138589016393122
2018-02-18,0.0136220029923785
2018-02-19,0.015074332767738
2018-02-20,0.0145621916207245
2018-02-21,0.0128117492884736
2018-02-22,0.0132037674735613
2018-02-23,0.0135054117860613
2018-02-24,0.0144542417235613
2018-02-25,0.0161061028693947
2018-02-26,0.016606545640228
2018-02-27,0.0156264555985613
2018-02-28,0.015373253390228
2018-03-01,0.021992459483978
2018-03-02,0.023673116296478
2018-03-03,0.0183618673485613
2018-03-04,0.017058692858978
2018-03-05,0.0164678943798113
2018-03-06,0.016649306827728
2018-03-07,0.0171239715048113
2018-03-08,0.0170898347443947
2018-03-09,0.0166258678381447
2018-03-10,0.0163113272548113
2018-03-11,0.016186997015228
2018-03-12,0.023232535046478
2018-03-13,0.025085075577728
2018-03-14,0.022129305608978
2018-03-15,0.0224711359423113
2018-03-16,0.021924805265228
2018-03-17,0.021488533827728
2018-03-18,0.0330074708173113
2018-03-19,0.0284872836431016
2018-03-20,0.0459783285256447
2018-03-21,0.0536597586298113
2018-03-22,0.044353222358978
2018-03-23,0.0365717156923113
2018-03-24,0.0395390232235613
2018-03-25,0.0440119613173113
2018-03-26,0.0397594305985613
2018-03-27,0.0401856041923113
2018-03-28,0.0405413220048113
2018-03-29,0.037461027296478
2018-03-30,0.039496257921478
2018-03-31,0.0365314151610613
2018-04-01,0.034653981765228
2018-04-02,0.0340104623173113
2018-04-03,0.034367921733978
2018-04-04,0.0342402676193947
2018-04-05,0.0322903199943947
2018-04-06,0.0307581485048113
2018-04-07,0.0319908224110613
2018-04-08,0.0314623468485613
2018-04-09,0.0292008144735613
2018-04-10,0.028055466390228
2018-04-11,0.026345503983978
2018-04-12,0.025665780858978
2018-04-13,0.0249578019110613
2018-04-14,0.0242046284318947
2018-04-15,0.038885467296478
2018-04-16,0.0746103469735613
2018-04-17,0.0601862250568947
2018-04-18,0.0424510023381447
2018-04-19,0.041925112171478
2018-04-20,0.0372710385568947
2018-04-21,0.0344839582235613
2018-04-22,0.033220633483978
2018-04-23,0.0344686194735613
2018-04-24,0.0838034297235613
2018-04-25,0.129630783723561
2018-04-26,0.105442008921478
2018-04-27,0.0966560007756447
2018-04-28,0.0920849059318947
2018-04-29,0.0838350155985613
2018-04-30,0.076455609421478
2018-05-01,0.0691037352131447
2018-05-02,0.062577750421478
2018-05-03,0.058290772358978
2018-05-04,0.0540605641193947
2018-05-05,0.0481150009735613
2018-05-06,0.046412047296478
2018-05-07,0.0438081632443947
2018-05-08,0.0438250023173113
2018-05-09,0.040332294233978
2018-05-10,0.038739137140228
2018-05-11,0.037737503327728
2018-05-12,0.036240113546478
2018-05-13,0.0342314201818947
2018-05-14,0.032807349515228
2018-05-15,0.0433774494110613
2018-05-16,0.070531372577728
2018-05-17,0.122115502067311
2018-05-18,0.163863083952728
2018-05-19,0.156377393546478
2018-05-20,0.115523393421478
2018-05-21,0.105413607546478
2018-05-22,0.110504886598561
2018-05-23,0.109521375163278
2018-05-24,0.100374575369395
2018-05-25,0.098468687327728
2018-05-26,0.103147401098561
2018-05-27,0.111143636869395
2018-05-28,0.111717296827728
2018-05-29,0.105432994911061
2018-05-30,0.105638525973561
2018-05-31,0.105802291442311
2018-06-01,0.107277249744395
2018-06-02,0.103693692265228
2018-06-03,0.099444461921478
2018-06-04,0.0970284113693947
2018-06-05,0.096199485608978
2018-06-06,0.0955444663173113
2018-06-07,0.0945591391193947
2018-06-08,0.0949975915881447
2018-06-09,0.095082403952728
2018-06-10,0.080271167858978
2018-06-11,0.0294663643485613
2018-06-12,0.0212855763173113
2018-06-13,0.0206815381506447
2018-06-14,0.020895573202728
2018-06-15,0.0247007439318947
2018-06-16,0.0278741429631447
2018-06-17,0.028528013983978
2018-06-18,0.0854426481923113
2018-06-19,0.095112593390228
2018-06-20,0.0908470054423113
2018-06-21,0.086605791202728
2018-06-22,0.089745413327728
2018-06-23,0.0745628944631447
2018-06-24,0.0595749003693947
2018-06-25,0.0553912277235613
2018-06-26,0.059569909202728
2018-06-27,0.0532998454318947
2018-06-28,0.0416442654735613
2018-06-29,0.0354015633381447
2018-06-30,0.0316043880881447
2018-07-01,0.0279002901506447
2018-07-02,0.0259912341193947
2018-07-03,0.0231569749423113
2018-07-04,0.018549537108978
2018-07-05,0.0161768592504431
2018-07-06,0.0199234464110613
2018-07-07,0.024194724140228
2018-07-08,0.018071460671478
2018-07-09,0.0127904159631447
2018-07-10,0.0128399910673113
2018-07-11,0.0140628079110613
2018-07-12,0.013841620077728
2018-07-13,0.012579307386565
2018-07-14,0.0126011305407656
2018-07-15,0.0127932875356181
2018-07-16,0.0149154292199381
2018-07-17,0.017026222171478
2018-07-18,0.0142965657949899
2018-07-19,0.0125194350085076
2018-07-20,0.0124743487827011
2018-07-21,0.0124766452208291
2018-07-22,0.018530494921478
2018-07-23,0.0288740288633463
2018-07-24,0.0308319180048113
2018-07-25,0.031876150077728
2018-07-26,0.0217672030673113
2018-07-27,0.0138390823381447
2018-07-28,0.013344148233978
2018-07-29,0.0128010553068947
2018-07-30,0.0154358514779473
2018-07-31,0.0174715285673113
2018-08-01,0.019093545046478
2018-08-02,0.0315450490360613
2018-08-03,0.0279795540881447
2018-08-04,0.0183250389110613
2018-08-05,0.013695588640228
2018-08-06,0.0134161677726841
2018-08-07,0.0141069430985613
2018-08-08,0.014476977421478
2018-08-09,0.0135845698485613
2018-08-10,0.012624422171478
2018-08-11,0.0137588543200526
2018-08-12,0.0145329178693947
2018-08-13,0.0137398687726841
2018-08-14,0.0130746493687226
2018-08-15,0.0126539015818947
2018-08-16,0.0126721992932583
2018-08-17,0.0127953185097249
2018-08-18,0.021704712342609
2018-08-19,0.017435018265228
2018-08-20,0.0150414911547208
2018-08-21,0.0243911548798113
2018-08-22,0.0243487745881447
2018-08-23,0.0164238632703778
2018-08-24,0.012460390230228
2018-08-25,0.0125019658103193
2018-08-26,0.0128607782029621
2018-08-27,0.0131442348956043
2018-08-28,0.0130214847520166
2018-08-29,0.0128461898876639
2018-08-30,0.0145008069505117
2018-08-31,0.0146298538693947
2018-09-01,0.0150834223445659
2018-09-02,0.0141331147525468
2018-09-03,0.0127447225568947
2018-09-04,0.012580439670531
2018-09-05,0.0124807430283232
2018-09-06,0.0127670692107408
2018-09-07,0.0126558548568947
2018-09-08,0.0273723074047208
2018-09-09,0.0337936539631447
2018-09-10,0.0291633169423113
2018-09-11,0.0179810964423113
2018-09-12,0.0273589290888096
2018-09-13,0.0259702150985613
2018-09-14,0.0136283474943947
2018-09-15,0.0190804774006447
2018-09-16,0.036526744358978
2018-09-17,0.0939281775881447
2018-09-18,0.0439569393693947
2018-09-19,0.0158610942860613
2018-09-20,0.0134887005048113
2018-09-21,0.0129765274110613
2018-09-22,0.0256151689943947
2018-09-23,0.0959005224943947
2018-09-24,0.0473394301818947
2018-09-25,0.0200089665568947
2018-09-26,0.018152577640228
2018-09-27,0.0263315017131447
2018-09-28,0.0408384586610613
2018-09-29,0.031955254265228
2018-09-30,0.0205717473485613
2018-10-01,0.0194570758798113
2018-10-02,0.0194960258068947
2018-10-03,0.0186968162548113
2018-10-04,0.0165515272443947
2018-10-05,0.0158749587860613
2018-10-06,0.015141114171478
2018-10-07,0.015783830983978
2018-10-08,0.0151911913503729
2018-10-09,0.0146925699423113
2018-10-10,0.024111236515228
2018-10-11,0.159634130181895
2018-10-12,0.143481959275645
2018-10-13,0.0883574486818947
2018-10-14,0.0844412225048113
2018-10-15,0.0896597205037032
2018-10-16,0.0928271439735613
2018-10-17,0.085316819077728
2018-10-18,0.0727569116506447
2018-10-19,0.0593550269318947
2018-10-20,0.0525496380568947
2018-10-21,0.0459812229006447
2018-10-22,0.0392407118173113
2018-10-23,0.036991128140228
2018-10-24,0.0338487717548113
2018-10-25,0.0316495397548113
2018-10-26,0.046401958702728
2018-10-27,0.0512059289631447
2018-10-28,0.0371543215048113
2018-10-29,0.0345761958395034
2018-10-30,0.031737961577728
2018-10-31,0.029070683921478
2018-11-01,0.0269529445048113
2018-11-02,0.035574170452728
2018-11-03,0.035461995233978
2018-11-04,0.027015549921478
2018-11-05,0.027348698827728
2018-11-06,0.030269573390228
2018-11-07,0.0288079809631447
2018-11-08,0.024318642015228
2018-11-09,0.028136529577728
2018-11-10,0.027549264077728
2018-11-11,0.0217237549423113
2018-11-12,0.0333522396193947
2018-11-13,0.0578454809006447
2018-11-14,0.045302002921478
2018-11-15,0.0910551861923113
2018-11-16,0.110265157702728
2018-11-17,0.0844397743485613
2018-11-18,0.0790867960568947
2018-11-19,0.0781156749083798
2018-11-20,0.0722863061818947
2018-11-21,0.063761846015228
2018-11-22,0.0575971925256447
2018-11-23,0.0512730783068947
2018-11-24,0.075971150202728
2018-11-25,0.0795675123068947
2018-11-26,0.064434678452728
2018-11-27,0.0618254437860613
2018-11-28,0.0575151064735613
2018-11-29,0.0532562455048113
2018-11-30,0.0536517039318947
2018-12-01,0.0546852471506447
2018-12-02,0.049502944327728
2018-12-03,0.0473792608693947
2018-12-04,0.0432940889735613
2018-12-05,0.0415202078693947
2018-12-06,0.038961484608978
2018-12-07,0.0371616266610613
2018-12-08,0.0354099818173113
2018-12-09,0.0402924040256447
2018-12-10,0.0421487357548113
2018-12-11,0.0407352851506447
2018-12-12,0.0387428547756447
2018-12-13,0.0392964845360613
2018-12-14,0.0577963884631447
2018-12-15,0.117933967994395
2018-12-16,0.124100031806895
2018-12-17,0.101330297754811
2018-12-18,0.100706921088145
2018-12-19,0.096303637858978
2018-12-20,0.115490586442311
2018-12-21,0.146855022994395
2018-12-22,0.125027976827728
2018-12-23,0.105832398015228
2018-12-24,0.102340229629811
2018-12-25,0.0998218929318947
2018-12-26,0.0976610495048113
2018-12-27,0.095960745733978
2018-12-28,0.130506405431895
2018-12-29,0.125966489338145
2018-12-30,0.103054720327728
2018-12-31,0.0979396415881447
