"TOA5","10344","CR3000","10344","CR3000.Std.32.02","CPU:CR3000_6Sensors_4APR18.CR3","50113","FCRmet"
"TIMESTAMP","RECORD","BattV","PTemp_C","PAR_Den_Avg","PAR_Tot_Tot","BP_kPa_Avg","AirTC_Avg","RH","Rain_mm_Tot","WS_ms_Avg","WindDir","SR01Up_Avg","SR01Dn_Avg","IR01UpCo_Avg","IR01DnCo_Avg","NR01TK_Avg","Albedo_Avg"
"TS","RN","Volts","Deg C","umol/s/m^2","mmol/m^2","kPa","Deg C","%","mm","meters/second","degrees","W/m^2","W/m^2","W/m^2","W/m^2","K","W/m^2"
"","","Smp","Smp","Avg","Tot","Avg","Avg","Smp","Tot","Avg","Smp","Avg","Avg","Avg","Avg","Avg","Avg"
"2018-04-05 12:25:00",0,13.62,6.33,1705,76.71596,97.1,10.75,35.82,0,0.978,38.16,931,35.82,244.6,357.4,279.5,0.038
"2018-04-05 12:26:00",1,13.63,6.362,1707,102.4485,102.2,10.86,36.34,0,1.463,126.1,932,35.78,244.7,356.6,279.5,0.038
"2018-04-05 12:27:00",2,13.63,6.421,1710,102.5987,102.2,10.99,35.89,0,0.402,76.1,933,36.37,244.7,357.2,279.5,0.039
"2018-04-05 12:28:00",3,13.63,6.51,1713,102.7903,102.2,12.15,36.64,0,0.63,198.3,935,36.71,245.1,357.9,279.6,0.039
"2018-04-05 12:29:00",4,13.63,6.632,1714,102.8339,102.2,14.28,37.16,0,0.467,325.4,935,37.37,245.2,358.1,279.7,0.04
"2018-04-05 12:30:00",5,13.63,6.78,1717,102.9921,102.2,19.35,42.41,0,0.536,188.3,937,37.71,245.6,358.5,279.9,0.04
"2018-04-05 12:31:00",6,13.62,6.956,1717,103.0372,102.2,24.48,40.97,0,1.315,264.4,938,38.81,245.7,358.3,280,0.041
"2018-04-05 12:32:00",7,13.63,7.132,1719,103.124,102.2,15.67,37.24,0,1.527,339.2,938,37.26,247,358.6,280.2,0.04
"2018-04-05 12:33:00",8,13.63,7.262,1719,103.144,102.2,14.09,37.05,0,1.628,344.3,938,36.6,247.4,359.3,280.4,0.039
"2018-04-05 12:34:00",9,13.63,7.359,1722,103.3376,102.2,13.68,38.43,0,0.67,285,939,36.7,247,359.5,280.5,0.039
"2018-04-05 12:35:00",10,13.59,7.454,1726,103.5865,102.2,13.87,36.44,0,1.302,149.6,942,37.15,246.9,359.4,280.6,0.039
"2018-04-05 12:36:00",11,13.59,7.573,1730,103.8039,102.2,14.4,36.61,0,2.422,201.8,944,37.72,247,358.8,280.7,0.04
"2018-04-05 12:37:00",12,13.59,7.709,1664,99.82317,102.2,14.67,35.31,0,1.689,268.7,906,35.85,247.5,359.9,280.8,0.04
"2018-04-05 12:38:00",13,13.59,7.839,1723,103.374,102.2,14.66,36.7,0,0.689,155.1,940,37.24,247.7,360.4,280.9,0.04
"2018-04-05 12:39:00",14,13.59,7.967,1725,103.4722,102.2,17.73,44.67,0,0.449,191.7,940,36.93,248.3,361,281.1,0.039
"2018-04-05 12:40:00",15,13.59,8.09,1725,103.4946,102.2,20.67,38.13,0,1.431,60.92,941,37.64,248.6,360.9,281.2,0.04
"2018-04-05 12:41:00",16,13.59,8.21,1718,103.0661,102.2,18.79,40.26,0,1.924,353.6,938,37,249.9,361.4,281.3,0.039
"2018-04-05 12:42:00",17,13.59,8.25,1728,103.6652,102.2,18.8,41.71,0,4.304,18.73,944,34.03,250.8,363.7,281.4,0.036
"2018-04-05 12:43:00",18,13.59,8.2,1728,103.6918,102.2,20.52,43.61,0,2.149,321.2,943,32.79,250.2,363.1,281.4,0.035
"2018-04-05 12:44:00",19,13.59,8.14,1730,103.7713,102.2,20.27,41.51,0,1.263,262.7,944,34.61,250.2,362.8,281.3,0.037
"2018-04-05 12:45:00",20,13.59,8.12,1731,103.8467,102.2,20.4,43.13,0,0.841,348.6,945,36.4,249.8,362.4,281.3,0.039
"2018-04-05 12:46:00",21,13.6,8.14,1728,103.6697,102.2,20.47,40.49,0,2.999,28.61,945,36.84,249.7,361.6,281.3,0.039
"2018-04-05 12:47:00",22,13.59,8.15,1734,104.05,102.2,20.49,41.99,0,1.54,50.81,947,36.52,249.9,362.3,281.3,0.039
"2018-04-05 12:48:00",23,13.59,8.17,1736,104.1851,102.2,20.3,44.46,0,2.692,0.387,949,38.18,250.6,362.4,281.3,0.04
"2018-04-05 12:49:00",24,13.6,8.16,1738,104.2611,102.2,20.62,45.23,0,3.389,338.6,950,36.14,251.2,362.8,281.3,0.038
"2018-04-05 12:50:00",25,13.59,8.13,1741,104.4506,102.2,20.39,40.58,0,3.267,349.7,951,36.75,250.6,362.5,281.3,0.039
"2018-04-05 12:51:00",26,13.59,8.08,1743,104.5995,102.2,18.37,29.86,0,2.586,326.8,953,37.96,250.8,362.5,281.3,0.04
"2018-04-05 12:52:00",27,13.59,8.03,1746,104.7715,102.2,10.21,28.37,0,3.706,0.663,956,38.27,250.3,362.5,281.2,0.04
"2018-04-05 12:53:00",28,13.6,7.961,1746,104.7878,102.2,9.78,29.1,0,2.432,76.12,955,38.25,249.9,362.4,281.1,0.04
"2018-04-05 12:54:00",29,13.59,7.915,1738,104.2898,102.2,10.01,29.53,0,1.45,200.3,952,40.63,249.3,361.4,281.1,0.043
"2018-04-05 12:55:00",30,13.59,7.907,1734,104.0326,102.2,10.33,28.79,0,2.457,164.1,948,41.39,249.8,361.3,281.1,0.044
"2018-04-05 12:56:00",31,13.59,7.937,1718,103.0523,102.2,10.72,31.42,0,1.545,8.22,941,42.06,249.4,361.1,281.1,0.045
"2018-04-05 12:57:00",32,13.59,7.975,1719,103.1556,102.2,10.68,29.26,0,2.541,0.018,940,41.95,249.1,360.1,281.1,0.045
"2018-04-05 12:58:00",33,13.59,8,1724,103.4344,102.2,10.35,29.58,0,1.908,329.8,942,42.65,249.5,361.4,281.1,0.045
"2018-04-05 12:59:00",34,13.59,8,1733,103.9831,102.2,10.23,30.17,0,2.59,333.1,948,42.21,250.2,362,281.2,0.045
"2018-04-05 13:00:00",35,13.59,7.98,1753,105.1546,102.2,10.17,29.06,0,3.306,332.4,960,42,250.4,362.7,281.1,0.044
"2018-04-05 13:01:00",36,13.59,7.964,1757,105.3951,102.2,10.24,30.75,0,2.452,0.012,962,42.03,250.4,362.4,281.1,0.044
"2018-04-05 13:02:00",37,13.59,7.953,1757,105.4047,102.2,10.31,31.66,0,3.907,2.997,961,41.1,250.6,362.4,281.1,0.043
"2018-04-05 13:03:00",38,13.59,7.923,1758,105.4588,102.2,10.28,29.64,0,4.336,50.19,962,40.85,250.3,362.6,281.1,0.042
"2018-04-05 13:04:00",39,13.59,7.893,1757,105.449,102.1,10.27,30.42,0,1.771,12.98,962,41.73,249.8,362.1,281.1,0.043
"2018-04-05 13:05:00",40,13.6,7.89,1757,105.4433,102.1,10.46,29.54,0,2.296,93.7,962,43.02,249.9,361.7,281,0.045
"2018-04-05 13:06:00",41,13.59,7.915,1756,105.3322,102.1,10.52,29.53,0,0.632,190.8,961,43.64,249.3,361.5,281,0.045
"2018-04-05 13:07:00",42,13.6,7.972,1758,105.4697,102.1,10.77,29.49,0,0.376,322.5,961,44.69,249.1,360.9,281.1,0.046
"2018-04-05 13:08:00",43,13.6,8.05,1754,105.233,102.1,11.26,28.66,0,0.493,216.8,959,44.8,248.4,360.1,281.2,0.047
"2018-04-05 13:09:00",44,13.6,8.14,1749,104.9622,102.1,14.34,32.59,0,0.831,50.3,958,45.9,248.6,360.1,281.2,0.048
"2018-04-05 13:10:00",45,13.6,8.24,1737,104.2177,102.1,16.14,34.94,0,1.125,318.4,950,44.55,248.2,359.9,281.3,0.047
"2018-04-05 13:11:00",46,13.59,8.33,1739,104.3606,102.1,15.87,32.97,0,0.875,237.4,950,44.72,248.4,360.4,281.4,0.047
"2018-04-05 13:12:00",47,13.6,8.43,1749,104.9441,102.1,16.87,36.94,0,0.279,257.9,956,44.65,248,360.6,281.5,0.047
"2018-04-05 13:13:00",48,13.61,8.53,1757,105.4358,102.1,18.78,35.78,0,1.424,38.66,960,46.19,248.3,360.3,281.6,0.048
"2018-04-05 13:14:00",49,13.57,8.62,1760,105.5931,102.1,18.41,36.14,0,1.967,19.73,962,43.94,248.1,359.7,281.7,0.046
"2018-04-05 13:15:00",50,13.57,8.69,1760,105.5889,102.1,18.51,35.42,0,2.259,113,962,42.55,248.2,360.7,281.8,0.044
"2018-04-05 13:16:00",51,13.57,8.74,1758,105.4852,102.1,19.08,36.48,0,1.428,63.56,961,43.7,248.7,361,281.9,0.045
"2018-04-05 13:17:00",52,13.57,8.81,1757,105.4274,102.1,19.88,37.38,0,1.659,9.23,960,43.46,249.1,361.3,281.9,0.045
"2018-04-05 13:18:00",53,13.57,8.86,1752,105.0963,102.1,20.32,41.66,0,3.272,34.03,957,41.93,249.2,361.5,282,0.044
"2018-04-05 13:19:00",54,13.57,8.87,1745,104.6734,102.1,20.64,37.56,0,1.241,336.1,953,42.03,248.6,361.4,282,0.044
"2018-04-05 13:20:00",55,13.57,8.87,1751,105.0856,102.1,21.21,41.2,0,2.729,307.1,957,43.55,250,361.3,282,0.046
"2018-04-05 13:21:00",56,13.57,8.87,1758,105.5084,102.1,20.94,41.99,0,4.679,46.66,962,42.84,251.3,363.3,282,0.045
"2018-04-05 13:22:00",57,13.57,8.84,1758,105.4901,102.1,21.15,42.38,0,5.606,353.2,963,41.75,251.4,363.8,282,0.043
"2018-04-05 13:23:00",58,13.56,8.79,1760,105.5734,102.1,19.61,39.79,0,2.646,45.94,963,42.33,252.1,363.6,282,0.044
"2018-04-05 13:24:00",59,13.56,8.74,1759,105.5396,102.1,19.13,40.75,0,2.782,75.91,963,43.9,251.8,363.5,281.9,0.046
"2018-04-05 13:25:00",60,13.56,8.72,1759,105.5693,102.1,19.21,40.05,0,3.433,51.9,963,45.06,251.8,363.8,281.9,0.047
"2018-04-05 13:26:00",61,13.56,8.72,1758,105.4658,102.1,19.06,38.53,0,2.414,119.4,963,46.16,252.3,363.6,281.9,0.048
"2018-04-05 13:27:00",62,13.56,8.74,1759,105.5339,102.1,19.17,40.23,0,0.875,23.03,963,46.99,251.6,363.2,281.9,0.049
"2018-04-05 13:28:00",63,13.57,8.77,1758,105.482,102.1,19.01,38.37,0,2.321,17.25,964,47.2,251.8,362.8,281.9,0.049
"2018-04-05 13:29:00",64,13.56,8.8,1747,104.8478,102.1,20.01,41.52,0,0.733,220.8,956,47.11,251.4,362.7,281.9,0.049
"2018-04-05 13:30:00",65,13.57,8.85,1760,105.6097,102.1,33.23,46.63,0,1.243,198.8,965,48.99,251.2,362.4,282,0.051
"2018-04-05 13:31:00",66,13.56,8.94,1760,105.6136,102.1,26.02,42.48,0,1.906,339.1,966,48.44,251,362.2,282,0.05
"2018-04-05 13:32:00",67,13.56,9.02,1759,105.5573,102.1,25.94,43.64,0,0.805,316,964,47.81,251.3,362.6,282.1,0.05
"2018-04-05 13:33:00",68,13.56,9.09,1759,105.5343,102.1,26.52,43.81,0,1.347,339.4,963,47.4,251.8,363.7,282.2,0.049
"2018-04-05 13:34:00",69,13.56,9.15,1759,105.519,102.1,26.53,46.1,0,1.094,4.081,962,47.77,251.4,362.8,282.3,0.05
"2018-04-05 13:35:00",70,13.56,9.24,1759,105.5584,102.1,42.4,60.41,0,1.303,242.4,963,49.14,252.2,363.3,282.3,0.051
"2018-04-05 13:59:00",0,13.54,11.91,1730,8.650217,56.27,18.97,41.55,0,0,10.35,949,49.54,263.2,374.6,285.1,0.052
"2018-04-05 14:00:00",1,13.54,11.89,1731,103.8776,102.1,19.68,37.03,0,2.3,1.947,949,49.95,263,374.4,285,0.053
"2018-04-05 14:01:00",2,13.55,11.86,1732,103.9386,102.1,21.56,41.72,0,2.733,51.3,949,49.32,262.5,374.1,285,0.052
"2018-04-05 14:02:00",3,13.53,11.78,1731,103.8386,102.1,20.58,35.32,0,3.19,71.34,949,48.95,262.8,374.5,285,0.052
"2018-04-05 14:08:00",0,13.54,12.01,1722,103.2942,98.2,19.57,31.94,0,2.527,129.4,945,52.07,263.4,374.3,285.1,0.055
"2018-04-05 14:09:00",1,13.53,12.05,1720,103.2071,102.1,19.28,31.48,0,2.18,279.6,945,52.56,263.9,374.1,285.2,0.056
"2018-04-05 14:10:00",2,13.53,12.09,1710,102.6058,102.1,17.1,28.31,0,2.133,9.74,941,53.96,263.6,373.9,285.2,0.057
"2018-04-05 14:11:00",3,13.53,12.13,1685,101.1036,102.1,15.63,28.6,0,1.382,236,923,52.19,263.8,374.5,285.3,0.057
"2018-04-05 14:12:00",4,13.55,12.18,1717,103.0456,102.1,15.5,28.42,0,0.595,83.2,943,53.09,264.1,374.5,285.3,0.056
"2018-04-05 14:13:00",5,13.54,12.22,1713,102.7881,102.1,15.7,28.93,0,0.81,141.5,941,53.64,264,374.6,285.3,0.057
"2018-04-05 14:14:00",6,13.54,12.27,1711,102.6578,102.1,15.88,28.85,0,0.957,124.7,939,54.14,263.7,374.6,285.4,0.058
"2018-04-05 14:15:00",7,13.55,12.36,1708,102.4822,102.1,17.32,28.55,0,0.872,258.6,938,53.99,263.6,374.6,285.5,0.058
"2018-04-05 14:16:00",8,13.54,12.45,1707,102.4337,102.1,17.42,29.16,0,2.02,74.17,937,54.28,264.1,375.1,285.6,0.058
"2018-04-05 14:17:00",9,13.53,12.54,1704,102.2361,102,17.04,30.84,0,1.723,248.1,936,54.08,264.5,375.5,285.7,0.058
"2018-04-05 14:18:00",10,13.54,12.64,1703,102.1551,102.1,17.55,31.74,0,1.953,349.2,936,53.81,265.7,376.6,285.7,0.057
"2018-04-05 14:19:00",11,13.5,12.74,1701,102.033,102.1,18.85,28.18,0,1.924,0.082,936,54.45,265.7,376.5,285.8,0.058
"2018-04-05 14:20:00",12,13.5,12.85,1700,101.983,102,16.05,24.94,0,2.296,183.7,934,55.04,265.4,375.8,285.9,0.059
"2018-04-05 14:21:00",13,13.5,12.96,1699,101.9169,102,15.6,25.28,0,1.563,262.5,933,54.7,265.7,375.7,286.1,0.059
"2018-04-05 14:22:00",14,13.5,13.06,1696,101.7349,102.1,15.53,25.17,0,0.91,335.8,932,55.46,267.1,376.4,286.2,0.06
"2018-04-05 14:23:00",15,13.5,13.16,1685,101.1195,102.1,14.43,25.24,0,1.361,139.7,925,54.17,266.5,377.1,286.3,0.059
"2018-04-05 14:24:00",16,13.5,13.25,1669,100.1285,102,14.14,25.21,0,2.532,122.9,916,53.28,266.9,378.3,286.4,0.058
"2018-04-05 14:25:00",17,13.5,13.34,1679,100.7335,102,14.39,24.81,0,1.793,141.9,923,54.3,267.7,378.9,286.5,0.059
"2018-04-05 14:26:00",18,13.5,13.43,1683,100.9596,102,14.49,24.81,0,1.97,223.9,925,55.23,268,377.8,286.5,0.06
"2018-04-05 14:27:00",19,13.51,13.52,1685,101.1067,102.1,14.3,25.92,0,0.725,320.6,927,56.54,268.7,377.5,286.6,0.061
"2018-04-05 14:28:00",20,13.51,13.61,1683,100.9551,102.1,13.23,25.04,0,2.334,289.9,925,55.38,269.8,378.3,286.7,0.06
"2018-04-05 14:29:00",21,13.51,13.69,1681,100.8579,102.1,12.27,25.79,0,1.491,92,923,54.28,269.4,378.6,286.8,0.059
"2018-04-05 14:30:00",22,13.51,13.77,1678,100.6702,102,12.42,23.82,0,2.411,216,922,54.62,270.1,379,286.9,0.059
"2018-04-05 14:31:00",23,13.5,13.84,1671,100.2397,102.1,12.36,24.26,0,3.028,162.7,919,56.16,270.4,379.8,287,0.061
"2018-04-05 14:32:00",24,13.5,13.92,1666,99.95973,102.1,11.57,25.4,0,3.543,142.4,915,55.74,269.6,380.6,287,0.061
"2018-04-05 14:33:00",25,13.5,13.98,1672,100.3006,102,11.6,25.41,0,1.702,129,918,55.41,271.1,380.9,287.1,0.06
"2018-04-05 14:34:00",26,13.51,14.05,1669,100.1236,102,11.76,24.51,0,1.898,178.7,917,54.63,271.6,380.9,287.2,0.06
"2018-04-05 14:35:00",27,13.51,14.11,1666,99.93033,102,12.05,24.43,0,3.624,184.9,916,55.98,271.3,380.7,287.2,0.061
"2018-04-05 14:36:00",28,13.5,14.16,1662,99.69634,102,11.95,24.42,0,1.641,178.7,914,56.11,271.7,380.8,287.3,0.061
"2018-04-05 14:37:00",29,13.5,14.22,1658,99.48698,102,12.06,25.56,0,0.459,338.4,911,56.48,271.7,381.1,287.3,0.062
"2018-04-05 14:38:00",30,13.5,14.27,1655,99.28214,102,12.04,25.26,0,1.939,345.1,910,56.01,272.5,381.2,287.4,0.062
"2018-04-05 14:39:00",31,13.51,14.32,1655,99.27162,102,11.62,26.36,0,2.149,190,908,54.66,273.3,382.4,287.4,0.06
"2018-04-05 14:40:00",32,13.5,14.37,1651,99.07637,102,11.73,25.39,0,1.599,306.5,906,55.06,272.7,382,287.5,0.061
"2018-04-05 14:41:00",33,13.51,14.41,1648,98.89119,102,11.87,24.87,0,1.401,181,904,55.33,272.8,382.1,287.5,0.061
"2018-04-05 14:42:00",34,13.5,14.46,1646,98.76689,102,12.14,24.52,0,2.195,154.4,904,56.9,273,382.8,287.6,0.063
"2018-04-05 14:43:00",35,13.5,14.5,1645,98.67308,102,12.16,24.6,0,6.035,142.1,906,57.56,272.4,383.3,287.6,0.064
"2018-04-05 14:44:00",36,13.5,14.54,1643,98.55856,102,11.92,22.83,0,5.782,121.3,907,57.86,272.9,384.1,287.7,0.064
"2018-04-05 14:45:00",37,13.5,14.57,1641,98.44163,102,11.39,23.58,0,5.103,90.2,905,56.61,274.6,383.6,287.7,0.063
"2018-04-05 14:46:00",38,13.51,14.61,1631,97.88608,102,11.32,26.03,0,1.854,344.8,898,55.91,275.8,382.4,287.7,0.062
"2018-04-05 14:47:00",39,13.5,14.63,1616,96.98632,102,11.4,24.44,0,1.962,94.1,890,55.59,276.3,382.7,287.8,0.062
"2018-04-05 14:48:00",40,13.5,14.66,1630,97.80024,102,11.67,23.56,0,2.27,129.3,897,56.6,276,383,287.8,0.063
"2018-04-05 14:49:00",41,13.5,14.69,1630,97.81958,102,12.05,23,0,2.107,167.3,898,58.43,275.5,382.5,287.8,0.065
"2018-04-05 14:50:00",42,13.5,14.71,1625,97.52951,102,12.36,23.52,0,1.751,153.4,895,58.46,275.7,382.4,287.8,0.065
"2018-04-05 14:51:00",43,13.5,14.73,1621,97.28321,102,13.11,21.9,0,1.823,160.7,894,59.11,275.1,382.6,287.9,0.066
"2018-04-05 14:52:00",44,13.5,14.75,1619,97.11198,102,13.03,22.14,0,2.999,149.4,892,59,274,382.6,287.9,0.066
"2018-04-05 14:53:00",45,13.5,14.77,1616,96.97295,102,12.69,22.59,0,2.457,180.4,890,57.49,274.3,382.7,287.9,0.065
"2018-04-05 14:54:00",46,13.5,14.79,1612,96.74114,102,12.91,21.94,0,5.375,199,889,59.3,273.5,382.2,287.9,0.067
"2018-04-05 14:55:00",47,13.51,14.82,1608,96.45733,102,12.54,21.72,0,3.701,119.8,887,58.35,274.1,381.7,288,0.066
"2018-04-05 14:56:00",48,13.51,14.84,1604,96.25357,102,12.34,22.82,0,1.939,81.5,884,57.43,274.5,381.5,288,0.065
"2018-04-05 14:57:00",49,13.51,14.86,1600,96.02311,102,12.39,21.87,0,3.642,153.3,881,57.25,274.1,380.6,288,0.065
"2018-04-05 14:58:00",50,13.51,14.89,1596,95.77601,102,12.34,22.43,0,4.568,193.7,880,58.2,274.3,381.1,288,0.066
"2018-04-05 14:59:00",51,13.5,14.91,1593,95.57863,102,12.48,22.34,0,3.799,31.64,879,58.84,274.5,380.5,288.1,0.067
"2018-04-05 15:00:00",52,13.5,14.93,1588,95.26849,102,12.41,24.23,0,4.312,5.51,876,58.49,275.3,380.4,288.1,0.067
"2018-04-05 15:01:00",53,13.51,14.95,1588,95.25238,102,11.92,24.48,0,4.106,2.726,874,56.7,275.7,381,288.1,0.065
"2018-04-05 15:02:00",54,13.51,14.97,1584,95.05211,102,11.76,23.33,0,3.263,162.8,873,56.34,276.3,381.4,288.1,0.065
"2018-04-05 15:03:00",55,13.5,14.99,1581,94.83522,102,11.81,22.22,0,3.043,165.9,872,57.22,275.9,381.5,288.1,0.066
"2018-04-05 15:04:00",56,13.51,15,1577,94.61804,102,11.93,21.83,0,3.58,154.7,870,58.05,275.8,382,288.1,0.067
"2018-04-05 15:05:00",57,13.5,15.02,1568,94.10858,102,12,23.83,0,2.507,354.5,865,58.22,276.5,382.5,288.2,0.067
"2018-04-05 15:06:00",58,13.51,15.03,1571,94.26975,102,12.15,24.16,0,2.107,0.24,867,58.31,276.6,381.8,288.2,0.067
"2018-04-05 15:07:00",59,13.51,15.04,1559,93.52607,102,12.05,23.42,0,3.878,7.422,861,57.19,276.9,381.7,288.2,0.066
"2018-04-05 15:08:00",60,13.51,15.05,1546,92.73016,102,12.08,24.26,0,3.435,5.768,853,56.95,277.9,381.9,288.2,0.067
"2018-04-05 15:09:00",61,13.5,15.06,1539,92.31453,102,12.06,23.62,0,3.464,37.6,848,56.14,278.3,381.9,288.2,0.066
"2018-04-05 15:10:00",62,13.52,15.07,1529,91.74619,102,12.14,24.61,0,1.465,60,843,56.12,277.5,381.6,288.2,0.067
"2018-04-05 15:11:00",63,13.5,15.08,1483,88.96788,102,12.36,23.05,0,1.589,336.8,819,55.13,277.1,381.2,288.2,0.067
"2018-04-05 15:12:00",64,13.51,15.09,1528,91.66555,102,12.27,22.17,0,2.202,53.38,841,56.64,276.5,381.1,288.2,0.067
"2018-04-05 15:13:00",65,13.5,15.1,1553,93.17843,102,12.14,22.68,0,2.46,28.31,858,57.64,276.8,381,288.2,0.067
"2018-04-05 15:14:00",66,13.51,15.11,1546,92.77096,102,11.92,22.99,0,4.325,11.43,853,56.9,277.3,381.3,288.3,0.067
"2018-04-05 15:15:00",67,13.5,15.12,1540,92.39089,102,11.91,24.39,0,2.244,354.3,850,57.27,277.1,381.3,288.3,0.067
"2018-04-05 15:16:00",68,13.5,15.13,1539,92.31171,102,11.88,24.37,0,3.025,353.9,849,57.15,277.8,381.7,288.3,0.067
"2018-04-05 15:17:00",69,13.5,15.14,1522,91.33406,102,11.72,23.28,0,1.624,139.5,840,56.54,277.3,381.6,288.3,0.067
"2018-04-05 15:18:00",70,13.5,15.15,1494,89.66583,102,11.88,21.33,0,2.528,222.5,824,56.29,277.1,381.6,288.3,0.068
"2018-04-05 15:19:00",71,13.5,15.16,1526,91.54465,102,11.91,21.95,0,1.749,43.4,842,58.47,277.7,383.6,288.3,0.069
"2018-04-05 15:20:00",72,13.51,15.17,1512,90.73774,102,12.2,21.56,0,0.9,159.1,835,58.61,277.4,384.1,288.3,0.07
"2018-04-05 15:21:00",73,13.51,15.18,1515,90.91241,102,12.36,21.67,0,2.731,209.3,838,59.37,277.8,384.3,288.3,0.071
"2018-04-05 15:22:00",74,13.51,15.19,1503,90.20297,102,12.39,22.66,0,2.471,204.3,831,60.11,278.1,384.5,288.3,0.072
"2018-04-05 15:23:00",75,13.51,15.2,1509,90.56986,102,12.56,23.19,0,1.624,1.987,834,60.64,277.8,383.3,288.3,0.073
"2018-04-05 15:24:00",76,13.51,15.21,1505,90.31651,102,12.46,22.82,0,2.715,344.9,832,60.15,277.6,382.8,288.4,0.072
"2018-04-05 15:25:00",77,13.5,15.22,1500,90.02201,102,12.15,22.24,0,1.885,328,829,59.75,277.6,382.6,288.4,0.072
"2018-04-05 15:26:00",78,13.51,15.23,1496,89.78067,102,12.09,23.15,0,2.777,8.71,826,59.36,278.1,383,288.4,0.072
"2018-04-05 15:27:00",79,13.51,15.24,1490,89.42298,102,12.08,22.03,0,1.537,219.9,823,59.6,277.2,383.8,288.4,0.072
"2018-04-05 15:28:00",80,13.51,15.25,1487,89.23213,102,12.31,21.16,0,1.305,194.4,821,59.82,277.1,383.5,288.4,0.073
"2018-04-05 15:29:00",81,13.51,15.27,1482,88.93356,102,12.54,22.31,0,1.398,35.41,820,60.3,277.3,383.3,288.4,0.074
"2018-04-05 15:30:00",82,13.51,15.28,1478,88.67681,102,12.43,21.55,0,2.736,30.5,817,60.33,277,383.2,288.4,0.074
"2018-04-05 15:31:00",83,13.51,15.3,1472,88.33004,102,12.25,23.01,0,4.209,14.36,815,59.83,277.2,384.2,288.4,0.073
"2018-04-05 15:32:00",84,13.5,15.31,1468,88.08614,102,12.04,21.56,0,4.898,64.4,812,59.24,278.2,385.2,288.5,0.073
"2018-04-05 15:33:00",85,13.51,15.33,1463,87.79295,102,12.03,22.18,0,2.491,95.6,810,58.87,278.6,385.1,288.5,0.073
"2018-04-05 15:34:00",86,13.5,15.34,1458,87.47618,102,12.27,22.07,0,2.785,169,807,59.95,278.7,384.9,288.5,0.074
"2018-04-05 15:35:00",87,13.51,15.35,1445,86.68505,102,12.49,20.36,0,2.355,10.28,799.9,60.26,278.2,384.2,288.5,0.075
"2018-04-05 15:36:00",88,13.5,15.36,1450,86.98506,102,12.4,21.55,0,4.541,0.569,804,61.22,279.5,385,288.5,0.076
"2018-04-05 15:37:00",89,13.51,15.37,1445,86.68078,102,12.28,21.19,0,4.056,338.8,800,60.68,279.6,385.5,288.5,0.076
"2018-04-05 15:38:00",90,13.51,15.37,1441,86.48206,102,11.95,21.53,0,4.057,27.9,798.2,59.97,280.2,386.2,288.5,0.075
"2018-04-05 15:39:00",91,13.51,15.38,1436,86.1879,102,11.99,22.05,0,1.29,81.5,794.9,59.67,280.1,385.7,288.5,0.075
"2018-04-05 15:40:00",92,13.51,15.38,1432,85.91942,102,12.2,23.47,0,1.347,341.9,792.6,60.65,280.2,385.5,288.5,0.077
"2018-04-05 15:41:00",93,13.52,15.39,1426,85.58702,102,12.21,21.32,0,2.599,259,789.7,60.42,279.7,385.5,288.5,0.077
"2018-04-05 15:42:00",94,13.52,15.39,1421,85.23743,102,12.17,21.11,0,2.584,0.082,786.6,60.61,280,385.6,288.5,0.077
"2018-04-05 15:43:00",95,13.52,15.39,1416,84.98696,102,12.09,21.86,0,2.184,351.9,783.6,59.98,279.8,385.3,288.5,0.077
"2018-04-05 15:44:00",96,13.51,15.4,1413,84.79137,102,12.25,21.86,0,2.811,31.98,781.7,59.2,279.4,385.3,288.5,0.076
"2018-04-05 15:45:00",97,13.52,15.4,1407,84.44234,102,12.24,21.76,0,1.243,97.4,779,60.04,278.6,385.2,288.5,0.077
"2018-04-05 15:46:00",98,13.51,15.4,1405,84.27006,102,12.28,23.39,0,1.377,324.3,777,59.87,278.4,384.7,288.6,0.077
"2018-04-05 15:47:00",99,13.5,15.41,1394,83.66543,102,12.29,21.51,0,3.064,352.2,773.8,60.42,279,384.8,288.6,0.078
"2018-04-05 15:48:00",100,13.52,15.41,1388,83.28191,102,12.08,20.98,0,4,23.96,770.7,60.2,279.2,386.1,288.6,0.078
"2018-04-05 15:49:00",101,13.51,15.41,1391,83.4605,102,11.7,21.91,0,2.889,22.68,769.1,59.21,279.1,386.3,288.6,0.077
"2018-04-05 15:50:00",102,13.52,15.42,1386,83.14958,102,11.73,23.53,0,2.132,336.6,766.7,59.64,279.1,386.2,288.6,0.078
"2018-04-05 15:51:00",103,13.51,15.42,1382,82.92186,102,11.9,22.56,0,0.575,24.56,764.5,59.68,278.6,386,288.6,0.078
"2018-04-05 15:52:00",104,13.5,15.42,1377,82.61084,102,12.1,22.78,0,1.279,0.076,762,59.74,278.4,385.3,288.6,0.078
"2018-04-05 15:53:00",105,13.51,15.42,1372,82.34848,102,12.06,23.78,0,4.289,22.84,760.6,60.46,279.3,386.1,288.6,0.079
"2018-04-05 15:54:00",106,13.51,15.42,1368,82.05945,102,12.02,22.44,0,4.206,22.16,758.2,60.02,279.7,386.5,288.6,0.079
"2018-04-05 15:55:00",107,13.5,15.42,1362,81.73841,102,12.09,24.9,0,5.031,314.5,755.6,60.24,280.4,386.7,288.6,0.08
"2018-04-05 15:56:00",108,13.52,15.42,1354,81.25552,102,12.15,24.19,0,1.679,67.39,751.1,60.13,280.5,386.9,288.6,0.08
"2018-04-05 15:57:00",109,13.51,15.42,1350,80.9895,102,12.38,21.7,0,2.556,248.3,749.3,61.08,280.1,386.4,288.6,0.082
"2018-04-05 15:58:00",110,13.51,15.41,1345,80.70974,102,12.47,21.33,0,1.099,347.7,747.1,61.55,279.8,385.7,288.6,0.082
"2018-04-05 15:59:00",111,13.5,15.41,1342,80.51793,102,12.37,23.87,0,2.265,1.841,744.5,60.97,280.1,385.6,288.6,0.082
"2018-04-05 16:00:00",112,13.51,15.41,1337,80.22357,102,12.49,24.31,0,2.167,1.266,741.9,60.88,279.9,385.3,288.6,0.082
"2018-04-05 16:01:00",113,13.5,15.41,1324,79.44352,102,12.61,22.49,0,3.26,3.804,735.5,60.44,279.8,385.6,288.6,0.082
"2018-04-05 16:02:00",114,13.52,15.4,1330,79.79239,102,12.64,22.55,0,2.982,49.23,738.9,61.4,279.4,385.3,288.6,0.083
"2018-04-05 16:03:00",115,13.5,15.41,1323,79.40066,102,12.49,21.77,0,1.921,154.7,735,60.46,279.1,385.4,288.6,0.082
"2018-04-05 16:04:00",116,13.51,15.4,1315,78.91239,102,12.89,21.78,0,1.97,275.6,731.5,60.91,278.6,384.6,288.6,0.083
"2018-04-05 16:05:00",117,13.51,15.4,1311,78.6532,102,12.79,22.35,0,1.684,231.7,728.1,60.75,278.2,384.1,288.6,0.083
"2018-04-05 16:06:00",118,13.5,15.4,1306,78.33501,102,12.77,21.58,0,1.258,111.4,725,60.57,277.9,384.1,288.6,0.084
"2018-04-05 16:07:00",119,13.5,15.41,1301,78.08198,101.9,12.78,21.37,0,2.038,345.2,722.7,60.98,277.5,383.1,288.6,0.084
"2018-04-05 16:08:00",120,13.51,15.41,1295,77.68523,101.9,12.53,22.54,0,5.48,347.3,719.2,60.57,279.5,384.5,288.6,0.084
"2018-04-05 16:09:00",121,13.51,15.41,1287,77.21603,102,12.59,22.33,0,3.699,319.3,715.2,60.44,279.8,385.2,288.6,0.084
"2018-04-05 16:10:00",122,13.5,15.41,1280,76.82847,102,12.7,21.88,0,1.494,0.92,712.1,60.29,278.9,384.4,288.6,0.085
"2018-04-05 16:11:00",123,13.51,15.41,1276,76.56315,102,12.78,22.04,0,1.04,351.6,709.3,60.72,278.6,384,288.6,0.086
"2018-04-05 16:12:00",124,13.51,15.41,1271,76.26183,102,12.9,21.52,0,2.452,65.84,707.2,60.63,278.3,383.7,288.6,0.086
"2018-04-05 16:13:00",125,13.51,15.4,1265,75.92482,102,12.76,21.93,0,2.768,343.7,703.8,61.07,278.3,383.7,288.6,0.087
"2018-04-05 16:14:00",126,13.51,15.4,1260,75.60518,102,12.33,23.19,0,4.405,4.244,700.3,60.33,278.8,384.6,288.6,0.086
"2018-04-05 16:15:00",127,13.5,15.4,1255,75.27882,102,12.08,24.68,0,3.51,54.51,697.1,59.5,278.8,385.1,288.6,0.085
"2018-04-05 16:16:00",128,13.51,15.4,1249,74.96305,101.9,12.14,22.82,0,2.056,11.54,694.6,59.7,278.9,384.7,288.6,0.086
"2018-04-05 16:17:00",129,13.51,15.4,1244,74.61598,102,12.34,22.07,0,3.18,41.69,691.8,59.83,279.1,384.6,288.6,0.086
"2018-04-05 16:18:00",130,13.51,15.4,1239,74.32523,102,12.26,21.81,0,1.486,164.1,689,60.2,278.2,384.1,288.5,0.087
"2018-04-05 16:19:00",131,13.51,15.39,1234,74.04046,101.9,12.47,21.28,0,2.752,49.17,687.3,61.25,278.1,383.4,288.5,0.089
"2018-04-05 16:20:00",132,13.51,15.39,1228,73.70139,101.9,12.52,23.63,0,1.646,274,684.3,61.13,278.3,383.5,288.5,0.089
"2018-04-05 16:21:00",133,13.51,15.38,1222,73.33846,102,12.58,21.31,0,1.517,166.1,681.2,61.09,277.9,383.1,288.5,0.09
"2018-04-05 16:22:00",134,13.51,15.38,1217,73.01662,101.9,12.67,21.16,0,1.663,257.3,678.1,60.97,277.4,382.6,288.5,0.09
"2018-04-05 16:23:00",135,13.51,15.38,1209,72.55694,101.9,12.71,21.36,0,2.154,335.5,675,61.67,278.5,383.5,288.5,0.091
"2018-04-05 16:24:00",136,13.51,15.38,1202,72.09372,101.9,12.73,22.36,0,1.421,20.88,668.8,60.23,277.8,383.3,288.5,0.09
"2018-04-05 16:25:00",137,13.5,15.37,1199,71.96154,101.9,12.94,21.86,0,1.236,64.86,668.7,61.3,277,382.7,288.5,0.092
"2018-04-05 16:26:00",138,13.5,15.37,1193,71.6009,101.9,12.92,20.97,0,3.325,14.25,666.6,61.74,277.5,382,288.5,0.093
"2018-04-05 16:27:00",139,13.52,15.38,1188,71.26646,101.9,12.47,21.89,0,3.463,89,662,60.92,277.6,383.4,288.5,0.092
"2018-04-05 16:28:00",140,13.51,15.37,1182,70.91487,101.9,12.34,21.82,0,3.105,65.4,660,61.09,277.5,383.5,288.5,0.093
"2018-04-05 16:29:00",141,13.5,15.37,1176,70.58055,101.9,12.46,21.66,0,2.28,84.1,656.9,60.97,277.7,384,288.5,0.093
"2018-04-05 16:30:00",142,13.5,15.37,1170,70.18289,101.9,12.57,21.33,0,1.762,117.2,653.8,60.8,277.7,383.6,288.5,0.093
"2018-04-05 16:31:00",143,13.51,15.37,1164,69.86816,101.9,13.12,23.04,0,1.393,248.8,650.8,62.73,278.2,383.7,288.5,0.096
"2018-04-05 16:32:00",144,13.51,15.37,1159,69.56501,101.9,14.79,24.5,0,1.112,208.4,648.3,62.34,277.8,383.6,288.5,0.096
"2018-04-05 16:33:00",145,13.51,15.37,1154,69.23531,101.9,15.39,22.78,0,0.942,278.7,645.1,62.11,277.1,383.4,288.5,0.096
"2018-04-05 16:34:00",146,13.51,15.37,1148,68.87629,101.9,18.71,27.62,0,3.182,6.753,642.7,62.29,277.1,383.1,288.5,0.097
"2018-04-05 16:35:00",147,13.51,15.37,1144,68.62507,101.9,18.49,28.2,0,3.136,13.96,640.2,61.83,277.2,383.2,288.5,0.097
"2018-04-05 16:36:00",148,13.51,15.37,1138,68.30393,101.9,17.99,27.65,0,1.156,110.6,637.3,61.69,276.5,382.8,288.5,0.097
"2018-04-05 16:37:00",149,13.52,15.37,1134,68.03038,101.9,17.79,26.91,0,2.225,175.7,634.7,62.01,276.2,382.1,288.5,0.098
"2018-04-05 16:38:00",150,13.51,15.38,1128,67.68477,101.9,18.09,25.38,0,3.272,163,632.3,62.65,276,381.5,288.5,0.099
"2018-04-05 16:39:00",151,13.51,15.38,1121,67.24178,101.9,18.19,25.83,0,4.541,126.4,629.7,65,275.7,380.7,288.5,0.103
"2018-04-05 16:40:00",152,13.5,15.38,1114,66.84723,101.9,17.81,26.21,0,2.657,265.5,625.8,62.8,276,381.7,288.5,0.1
"2018-04-05 16:41:00",153,13.51,15.39,1108,66.46784,101.9,23.34,36.77,0,2.179,231.8,621.9,62.7,276.1,381.4,288.5,0.101
"2018-04-05 16:42:00",154,13.51,15.39,1102,66.1116,101.9,27.53,31.15,0,2.577,353.1,618.7,62.21,275.4,380.8,288.5,0.101
"2018-04-05 16:43:00",155,13.51,15.4,1097,65.79479,101.9,22.85,30.9,0,1.909,160.1,615.4,61.68,275.8,381.8,288.5,0.1
"2018-04-05 16:44:00",156,13.51,15.4,1090,65.427,101.9,20.65,27.82,0,4.413,103.9,612.2,61.69,275.4,381.3,288.6,0.101
"2018-04-05 16:45:00",157,13.51,15.41,1083,64.98675,101.9,19.65,29.23,0,1.658,6.261,609,62.22,275.6,381.6,288.6,0.102
"2018-04-05 16:46:00",158,13.51,15.41,1078,64.65505,101.9,19.17,27.26,0,3.807,344.6,606.3,62.8,276.5,382.6,288.6,0.104
"2018-04-05 16:47:00",159,13.51,15.42,1072,64.30329,101.9,17.4,26.13,0,2.295,6.067,601.7,61.07,276.6,382.9,288.6,0.102
"2018-04-05 16:48:00",160,13.51,15.42,1065,63.88189,101.9,16.78,25.25,0,1.499,198,597.8,61.14,276.3,382.7,288.6,0.102
"2018-04-05 16:49:00",161,13.51,15.43,1057,63.43244,101.9,17.02,26.94,0,1.782,327.6,594.4,61.65,277,382.9,288.6,0.104
"2018-04-05 16:50:00",162,13.51,15.43,1052,63.09843,101.9,17.04,26.17,0,1.606,287.5,591.4,61.43,277,382.8,288.6,0.104
"2018-04-05 16:51:00",163,13.51,15.43,1045,62.71879,101.9,17.05,25.53,0,1.744,139.9,588.2,60.87,276.9,382.4,288.6,0.103
"2018-04-05 16:52:00",164,13.51,15.44,1040,62.3957,101.9,16.9,25.96,0,1.65,342.4,585,61.58,276.7,382.1,288.6,0.105
"2018-04-05 16:53:00",165,13.51,15.44,1033,61.99496,101.9,16.89,26.33,0,2.573,18.49,581.1,61.11,277.2,382.2,288.6,0.105
"2018-04-05 16:54:00",166,13.51,15.44,1025,61.49929,101.9,16.69,28.6,0,1.738,47.53,576.7,60.58,277.2,383.3,288.6,0.105
"2018-04-05 16:55:00",167,13.51,15.44,1018,61.06275,101.9,16.8,26.33,0,0.717,231.3,572.5,61.01,276.2,382.6,288.6,0.107
"2018-04-05 16:56:00",168,13.5,15.45,1013,60.76786,101.9,16.99,24.91,0,0.583,213.5,569.9,61.62,275.8,381.9,288.6,0.108
"2018-04-05 16:57:00",169,13.51,15.45,1007,60.41037,101.9,17.21,24.63,0,0.689,158.5,566.7,61.53,275.6,381,288.6,0.109
"2018-04-05 16:58:00",170,13.51,15.45,1001,60.04003,101.9,17.5,26.5,0,1.062,61.69,563.7,61.61,275.4,380.3,288.6,0.109
"2018-04-05 16:59:00",171,13.48,15.46,994,59.62403,101.9,18.73,26.98,0,1.725,42.52,560.2,61.92,275.9,380.1,288.6,0.111
"2018-04-05 17:00:00",172,13.48,15.46,987,59.2181,101.9,18.53,26.69,0,1.998,61.04,556.9,60.57,276.2,380.5,288.6,0.109
"2018-04-05 17:01:00",173,13.48,15.47,980,58.79242,101.9,18.5,26.84,0,1.295,311.8,553.1,61.51,276.1,381.3,288.6,0.111
"2018-04-05 17:02:00",174,13.48,15.47,973,58.38529,101.9,18.51,27.63,0,2.112,354.5,549.2,60.75,276.4,380.7,288.6,0.111
"2018-04-05 17:03:00",175,13.49,15.48,966,57.98673,101.9,18.48,28.52,0,1.222,10.22,545.3,60.09,275.4,381.2,288.6,0.11
"2018-04-05 17:04:00",176,13.48,15.49,960,57.60303,101.9,18.37,25.55,0,3.969,1.817,542.8,61.02,275.6,381.2,288.6,0.112
"2018-04-05 17:05:00",177,13.48,15.49,953,57.18162,101.9,17.57,25.7,0,2.256,329.9,538.8,61.43,275.2,381.6,288.6,0.114
"2018-04-05 17:06:00",178,13.49,15.5,946,56.78422,101.9,16.95,26.15,0,1.297,15.34,534.8,60.8,275.6,381.1,288.6,0.114
"2018-04-05 17:07:00",179,13.48,15.51,940,56.38832,101.9,17.08,26.38,0,1.846,0.375,531.1,60.1,275.9,381.2,288.7,0.113
"2018-04-05 17:08:00",180,13.48,15.51,933,55.95253,101.9,17.1,27.36,0,1.557,350.5,527.3,61.17,275.6,381.2,288.7,0.116
"2018-04-05 17:09:00",181,13.48,15.52,926,55.566,101.9,17.21,25.87,0,1.001,196.9,523.5,60.08,275.1,380.6,288.7,0.115
"2018-04-05 17:10:00",182,13.48,15.52,921,55.23388,101.9,17.27,25.5,0,2.803,170.9,521.7,61.85,274.9,380.1,288.7,0.119
"2018-04-05 17:11:00",183,13.49,15.53,913,54.79983,101.9,17.12,25.24,0,3.089,181.6,518.3,62.35,274.9,380.6,288.7,0.12
"2018-04-05 17:12:00",184,13.49,15.53,907,54.4438,101.9,17.13,24.84,0,3.263,146.9,514.5,61.57,275,381.6,288.7,0.12
"2018-04-05 17:13:00",185,13.48,15.54,900,54.00659,101.9,16.88,24.93,0,1.996,143.6,510.9,61.99,274.9,381.2,288.7,0.121
"2018-04-05 17:14:00",186,13.48,15.54,893,53.59381,101.9,16.93,25.27,0,2.027,142.3,507.2,62.27,274.8,381.3,288.7,0.123
"2018-04-05 17:15:00",187,13.48,15.54,887,53.21831,101.9,16.97,25.1,0,2.514,139.4,503.6,61.98,274.8,381.1,288.7,0.123
"2018-04-05 17:16:00",188,13.48,15.54,881,52.84863,101.9,17.05,25.3,0,1.604,92.6,500.5,62.72,274.4,380.6,288.7,0.125
"2018-04-05 17:17:00",189,13.48,15.54,873,52.35423,101.9,17.05,25.63,0,0.936,61.05,495.3,62.09,274.7,380.5,288.7,0.125
"2018-04-05 17:18:00",190,13.48,15.55,865,51.90146,101.9,16.99,25.08,0,1.576,60.2,491.4,61.79,274.9,380.4,288.7,0.126
"2018-04-05 17:19:00",191,13.48,15.55,859,51.543,101.9,17.14,26.3,0,1.24,354.5,487.6,61.93,275,380.2,288.7,0.127
"2018-04-05 17:20:00",192,13.48,15.55,852,51.11476,101.9,17.48,25.85,0,0.717,158.9,483.9,62.09,274.3,379.7,288.7,0.128
"2018-04-05 17:21:00",193,13.48,15.55,845,50.69479,101.9,21.12,32.95,0,0.611,237,480,62,274.1,379.2,288.7,0.129
"2018-04-05 17:22:00",194,13.48,15.56,822,49.30216,101.9,31.73,46.57,0,0.835,160.6,467,59.91,273.8,378.7,288.7,0.128
"2018-04-05 17:23:00",195,13.49,15.56,768.3,46.09656,101.9,34.21,41.69,0,1.54,73.31,432.1,55.14,273.5,378.8,288.7,0.128
"2018-04-05 17:24:00",196,13.48,15.57,823,49.38339,101.9,34.1,40.42,0,1.87,42.49,467.9,58.1,274.3,378.9,288.7,0.124
"2018-04-05 17:25:00",197,13.48,15.57,815,48.91454,101.9,34.37,42.01,0,1.72,73.94,463.8,57.43,274.4,379.8,288.7,0.124
"2018-04-05 17:26:00",198,13.49,15.58,813,48.8036,101.9,34.13,42.1,0,0.547,280.8,463.2,58.62,274.1,379.4,288.7,0.127
"2018-04-05 17:27:00",199,13.49,15.59,806,48.33344,101.9,34.68,42.08,0,1.005,130.8,459.2,60.82,274.3,378.6,288.7,0.132
"2018-04-05 17:28:00",200,13.48,15.6,798.8,47.92757,101.9,33.29,38.81,0,1.441,157.5,454.8,59.16,273.6,377.5,288.7,0.13
"2018-04-05 17:29:00",201,13.49,15.61,790.6,47.43809,101.9,30.62,42.6,0,2.461,70.16,451.1,57.66,273.3,377.9,288.8,0.128
"2018-04-05 17:30:00",202,13.48,15.62,781.9,46.91343,101.9,37.52,46.51,0,1.249,0.023,445.6,54.38,273.1,377.8,288.8,0.122
"2018-04-05 17:31:00",203,13.49,15.63,773,46.37962,101.9,38.77,45.33,0,2.324,145.4,440.1,52.22,273.5,378.3,288.8,0.119
"2018-04-05 17:32:00",204,13.48,15.65,765.5,45.93046,101.9,37.42,44.16,0,3.713,138,437.6,51.86,274,380,288.8,0.119
"2018-04-05 17:33:00",205,13.48,15.66,760.8,45.64802,101.9,37.12,45.73,0,0.991,97.9,435.1,52.35,274.2,380.3,288.8,0.12
"2018-04-05 17:34:00",206,13.48,15.67,755.5,45.32729,101.9,37.95,43.31,0,2.492,176.6,431.5,50.22,274.4,379.8,288.8,0.116
"2018-04-05 17:35:00",207,13.48,15.68,745.9,44.75204,101.9,37.1,45.51,0,3.543,163.1,427.3,49.88,274.2,379.8,288.8,0.117
"2018-04-05 17:36:00",208,13.48,15.69,742,44.51753,101.9,37.91,44.07,0,3.944,126.4,425.2,53.69,274.4,379.6,288.8,0.126
"2018-04-05 17:37:00",209,13.48,15.7,734.2,44.05026,101.9,35.1,42.15,0,2.246,22.55,421.4,55.84,275.1,380.4,288.8,0.132
"2018-04-05 17:38:00",210,13.49,15.71,726.8,43.60796,101.9,32.69,40.53,0,2.229,45.96,416.8,55.11,275.9,381.3,288.9,0.132
"2018-04-05 17:39:00",211,13.48,15.72,720.2,43.21406,101.9,33.99,43.29,0,1.034,156.7,412.5,55.54,275.8,381,288.9,0.135
"2018-04-05 17:40:00",212,13.48,15.72,713.4,42.80544,101.9,34.35,42,0,4.011,156.8,410,56.39,275.7,380.5,288.9,0.138
"2018-04-05 17:41:00",213,13.48,15.73,706.8,42.40685,101.9,34.69,43.74,0,3.559,165.6,406.3,54.96,275.9,380.2,288.9,0.135
"2018-04-05 17:42:00",214,13.48,15.73,699.1,41.9481,101.9,35.71,43.55,0,2.589,156.2,402.1,53.7,276.4,380.8,288.9,0.134
"2018-04-05 17:43:00",215,13.48,15.74,692.3,41.53706,101.9,36.24,45.2,0,1.338,166,397.8,46.83,276.6,380.4,288.9,0.118
"2018-04-05 17:44:00",216,13.48,15.74,684.6,41.0758,101.9,37.71,44.59,0,1.553,145.5,394.1,48.67,276.3,379.9,288.9,0.124
"2018-04-05 17:45:00",217,13.48,15.74,676.7,40.59998,101.9,37.33,45.25,0,2.788,179.6,389.6,53.65,276.2,379.6,288.9,0.138
"2018-04-05 17:46:00",218,13.48,15.74,668.5,40.10834,101.9,36.76,45.18,0,2.891,165.4,383.9,53.36,276.4,379.4,288.9,0.139
"2018-04-05 17:47:00",219,13.48,15.74,661.7,39.70277,101.9,38.39,46.86,0,3.525,189.9,381.4,50.68,276.3,379.6,288.9,0.133
"2018-04-05 17:48:00",220,13.48,15.74,654.5,39.27033,101.9,37.46,45.4,0,3.134,163,370.3,45.24,276.9,380.1,288.9,0.122
"2018-04-05 17:49:00",221,13.48,15.75,641.1,38.46581,101.9,37.64,44.49,0,2.394,62,348.9,39.53,276.9,380.9,288.9,0.113
"2018-04-05 17:50:00",222,13.48,15.75,591.5,35.49184,101.9,35.83,43.11,0,1.447,305.6,329.9,35.9,277.2,381.1,288.9,0.109
"2018-04-05 17:51:00",223,13.48,15.75,515.1,30.90388,101.9,36.4,42.37,0,0.461,1.313,329.6,34.06,276.6,380.9,288.9,0.103
"2018-04-05 17:52:00",224,13.48,15.75,500.4,30.02385,101.9,36.87,43.32,0,0.537,38.97,323,33.23,276.7,380.8,288.9,0.103
"2018-04-05 17:53:00",225,13.49,15.75,470.6,28.23383,101.8,37.08,43.45,0,2.257,46.68,301.1,28.66,277.8,382.9,288.9,0.095
"2018-04-05 17:54:00",226,13.48,15.75,443.6,26.61522,101.9,35.67,44.8,0,1.668,171.1,277.5,27.49,278.1,382.9,288.9,0.099
"2018-04-05 17:55:00",227,13.48,15.75,420.6,25.23405,101.8,36.68,43.96,0,1.259,177.3,272.2,25.72,278.1,382.7,288.9,0.094
"2018-04-05 17:56:00",228,13.49,15.74,425.3,25.51528,101.8,37.53,45.79,0,2.801,150,261.2,24.79,278.2,382.5,288.9,0.095
"2018-04-05 17:57:00",229,13.48,15.74,406,24.35751,101.8,38.2,45.23,0,2.244,205.7,248.3,25.65,278.5,382.4,288.9,0.103
"2018-04-05 17:58:00",230,13.48,15.74,357.7,21.46411,101.8,36.72,41.81,0,0.296,143.6,240.9,30.34,278.1,382.5,288.9,0.126
"2018-04-05 17:59:00",231,13.48,15.74,313.1,18.78373,101.8,34.97,42.91,0,0.452,206.8,233.8,33.57,278.7,382.5,288.9,0.144
"2018-04-05 18:00:00",232,13.48,15.73,263.3,15.79601,101.8,35.48,43.39,0,1.637,151.4,230.8,29.15,278.8,382.8,288.9,0.126
"2018-04-05 18:01:00",233,13.48,15.73,295.8,17.74644,101.8,35.54,41.27,0,2.36,197.1,191.5,28.61,278.9,382.6,288.9,0.15
"2018-04-05 18:02:00",234,13.48,15.72,244,14.63913,101.8,35.54,43.48,0,1.372,226.3,168.5,24.94,279.1,382.9,288.9,0.148
"2018-04-05 18:03:00",235,13.51,15.72,216.6,12.99694,101.8,35.34,43.55,0,0.813,153,147.9,21.95,279.4,383.5,288.9,0.148
"2018-04-05 18:04:00",236,13.51,15.71,273.1,16.38378,101.8,35.93,44.37,0,2.432,173.3,143.4,21.41,280.2,383.8,288.9,0.149
"2018-04-05 18:05:00",237,13.51,15.7,278.5,16.71133,101.8,36.15,41.6,0,2.104,238.8,139.5,20.58,280.5,383.8,288.9,0.148
"2018-04-05 18:06:00",238,13.51,15.7,153.2,9.190431,101.8,35.31,40.97,0,2.037,202.5,139.3,20.42,280.9,384.3,288.8,0.147
"2018-04-05 18:07:00",239,13.51,15.69,318.4,19.10187,101.8,34.99,41.59,0,1.468,233.1,120.5,18.94,281,385,288.8,0.157
"2018-04-05 18:08:00",240,13.5,15.68,308.9,18.53647,101.8,35.54,42.24,0,2.868,155.7,104.6,16.11,281.6,385.2,288.8,0.154
"2018-04-05 18:09:00",241,13.5,15.67,281.3,16.87974,101.8,35.94,43.2,0,3.668,184.9,110,13.1,281.9,385.1,288.8,0.119
"2018-04-05 18:10:00",242,13.5,15.66,172.9,10.37485,101.8,35.15,41.82,0,2.086,201.9,123.2,11.65,282.4,386.2,288.8,0.095
"2018-04-05 18:11:00",243,13.51,15.65,291.8,17.50726,101.8,35.33,43.19,0,1.632,330.8,107.4,11.3,282.7,386,288.8,0.106
"2018-04-05 18:12:00",244,13.5,15.64,211.8,12.70536,101.8,34.13,41.85,0,2.063,222.7,67.92,9.32,283.4,387.6,288.8,0.139
"2018-04-05 18:13:00",245,13.51,15.63,202.2,12.13483,101.8,34.24,42.97,0,0.598,192.2,59.19,9.57,283.6,387.6,288.8,0.162
"2018-04-05 18:14:00",246,13.51,15.62,194.5,11.66761,101.8,34.46,41.55,0,0.789,52.88,60.12,13.29,283.9,387.4,288.8,0.221
"2018-04-05 18:15:00",247,13.51,15.6,285.8,17.14935,101.8,34.67,41.03,0,0.983,275.8,62.37,14.41,284.1,387.1,288.8,0.233
"2018-04-05 18:16:00",248,13.5,15.59,242.1,14.52768,101.8,34.85,42.93,0,0.977,310,91.3,11.47,284.7,387.7,288.7,0.128
"2018-04-05 18:17:00",249,13.5,15.58,176.2,10.5733,101.8,33.85,40.67,0,1.179,97.3,106.5,9.22,284.8,387.3,288.7,0.087
"2018-04-05 18:18:00",250,13.5,15.56,221.6,13.29742,101.8,33.67,41.94,0,1.506,78.97,88.9,8.09,284.7,388,288.7,0.091
"2018-04-05 18:19:00",251,13.5,15.55,213.3,12.79844,101.8,33.14,39.24,0,2.246,96.7,66.38,7.287,285.1,388.4,288.7,0.11
"2018-04-05 18:20:00",252,13.55,15.53,206,12.35989,101.8,32.94,40.91,0,1.134,64.58,62.21,7.611,285.4,388.8,288.7,0.123
"2018-04-05 18:21:00",253,13.55,15.52,189.5,11.36842,101.8,32.28,39.69,0,0.838,12.39,63.08,8.86,285.9,388.7,288.7,0.14
"2018-04-05 18:22:00",254,13.54,15.5,162.6,9.753669,101.8,31.83,41.41,0,1.21,347.4,62.79,8.22,286.2,388.4,288.7,0.131
"2018-04-05 18:23:00",255,13.54,15.48,138.5,8.308634,101.8,30.56,39.89,0,0.952,180,55.95,6.798,286.5,388.7,288.6,0.121
"2018-04-05 18:24:00",256,13.54,15.46,129.9,7.796854,101.8,29.98,37.11,0,2.303,168,51.61,6.296,286.8,388.7,288.6,0.122
"2018-04-05 18:25:00",257,13.54,15.45,128.5,7.712416,101.8,30.11,37.6,0,3.388,181.1,56.36,6.587,286.8,387.9,288.6,0.117
"2018-04-05 18:26:00",258,13.55,15.43,121.9,7.314622,101.8,29.41,36.9,0,1.227,138,59.44,6.055,286.8,388,288.6,0.102
"2018-04-05 18:27:00",259,13.55,15.41,130.9,7.852573,101.8,29.72,37.62,0,0.748,214.6,50.91,5.364,287.1,388.4,288.6,0.106
"2018-04-05 18:28:00",260,13.54,15.39,129.7,7.784402,101.8,29.15,35.85,0,1.573,131.1,44.08,5.149,287.1,388.1,288.5,0.117
"2018-04-05 18:29:00",261,13.55,15.37,124,7.439768,101.8,29.21,35.93,0,2.468,182.5,42.67,5.116,287.2,388.4,288.5,0.12
"2018-04-05 18:30:00",262,13.54,15.34,116.9,7.016688,101.8,29.13,36.43,0,1.615,216.9,42.41,5.278,287.4,388.7,288.5,0.124
"2018-04-05 18:31:00",263,13.54,15.32,114.2,6.849944,101.8,29.09,35.83,0,1.911,163.9,41.82,5.311,287.3,388.8,288.5,0.127
"2018-04-05 18:32:00",264,13.54,15.3,112.8,6.770671,101.8,28.92,36.75,0,1.192,235.1,41.36,5.212,287.3,388.4,288.5,0.126
"2018-04-05 18:33:00",265,13.54,15.28,112.1,6.724352,101.8,28.22,36.74,0,1.088,339.5,40.68,5.113,287.3,388.5,288.4,0.126
"2018-04-05 18:34:00",266,13.54,15.26,111.2,6.670767,101.8,28.04,35.52,0,1.215,50.67,40.07,5.099,287.1,388.3,288.4,0.127
"2018-04-05 18:35:00",267,13.54,15.23,110.2,6.609471,101.8,24.27,31.41,0,1.829,343.7,40.06,5,287.2,388.9,288.4,0.125
"2018-04-05 18:36:00",268,13.54,15.21,109.1,6.548604,101.8,22.88,32.23,0,1.096,21.67,39.69,4.974,287.4,389.6,288.4,0.125
"2018-04-05 18:37:00",269,13.54,15.19,107.9,6.476155,101.8,22.73,30.71,0,1.372,260.8,39.16,5.027,287.4,390.1,288.3,0.128
"2018-04-05 18:38:00",270,13.54,15.16,107.1,6.423841,101.8,22.7,30.72,0,1.393,67.3,38.71,5.129,287.4,389.4,288.3,0.132
"2018-04-05 18:39:00",271,13.54,15.14,106.2,6.370693,101.8,22.29,29.43,0,1.382,186.1,38.23,5.007,287.6,389.4,288.3,0.131
"2018-04-05 18:40:00",272,13.55,15.11,104.8,6.287136,101.8,22.08,30.35,0,0.665,184,37.68,5.053,287.9,389.6,288.3,0.134
"2018-04-05 18:41:00",273,13.54,15.08,104.2,6.251535,101.8,22.14,30.39,0,1.71,163,36.92,5.179,288,389.4,288.2,0.14
"2018-04-05 18:42:00",274,13.57,15.06,103.4,6.201381,101.8,22.15,29.99,0,2.788,163.3,36.82,5.394,287.8,388.6,288.2,0.146
"2018-04-05 18:43:00",275,13.58,15.03,102.2,6.12937,101.8,22.14,30.11,0,1.459,201.4,37,5.632,287.6,389.4,288.2,0.152
"2018-04-05 18:44:00",276,13.58,15.01,100.9,6.051369,101.8,22.01,30.03,0,0.83,166.7,36.11,5.509,287.6,389.4,288.2,0.153
"2018-04-05 18:45:00",277,13.57,14.98,99.7,5.982376,101.8,22.31,29.52,0,0.982,146.4,35.29,5.324,287.7,389,288.1,0.151
"2018-04-05 18:46:00",278,13.57,14.95,98.7,5.923659,101.8,22.2,30.35,0,1.284,143.3,34.83,5.258,287.6,388.6,288.1,0.151
"2018-04-05 18:47:00",279,13.57,14.93,97.7,5.861049,101.8,22.37,30.47,0,0.879,184.6,34.43,5.218,287.6,388.6,288.1,0.152
"2018-04-05 18:48:00",280,13.57,14.9,96.5,5.791177,101.8,22.52,30.56,0,1.557,197.7,34.09,5.341,287.5,388.9,288.1,0.157
"2018-04-05 18:49:00",281,13.57,14.88,95.5,5.730735,101.8,22.6,30.76,0,0.696,106,33.74,5.447,287.2,388.5,288,0.161
"2018-04-05 18:50:00",282,13.58,14.85,94.4,5.665579,101.8,22.37,29.84,0,2.029,107.1,33.32,5.288,287,388.5,288,0.159
"2018-04-05 18:51:00",283,13.57,14.82,93.1,5.584118,101.8,22.25,29.42,0,1.859,296.3,32.9,5.185,286.6,388.2,288,0.158
"2018-04-05 18:52:00",284,13.57,14.8,91.9,5.514241,101.8,22.3,31.07,0,2.849,331.7,32.43,4.871,286.3,388,288,0.15
"2018-04-05 18:53:00",285,13.58,14.78,90.8,5.447803,101.8,22,33.04,0,2.963,0.012,32.16,4.871,286.2,389,287.9,0.151
"2018-04-05 18:54:00",286,13.57,14.75,89.5,5.370648,101.8,21.44,28.82,0,1.901,111.3,31.79,4.845,286,388.5,287.9,0.152
"2018-04-05 18:55:00",287,13.58,14.73,88.3,5.300354,101.8,20.91,29.39,0,0.797,321.5,31.13,4.756,286.1,387.9,287.9,0.153
"2018-04-05 18:56:00",288,13.57,14.71,87,5.218072,101.8,20.78,28.57,0,1.434,0.082,30.35,4.607,286,387.2,287.9,0.152
"2018-04-05 18:57:00",289,13.57,14.68,85.7,5.143504,101.8,20.68,28.61,0,0.782,196.3,29.48,4.558,286.1,386.9,287.8,0.155
"2018-04-05 18:58:00",290,13.58,14.66,84.5,5.072358,101.8,20.67,29.25,0,1.534,170.8,28.9,4.581,286.1,386.7,287.8,0.159
"2018-04-05 18:59:00",291,13.58,14.63,83.4,5.002053,101.8,20.33,29.8,0,1.795,174,28.38,4.581,286,386.9,287.8,0.161
"2018-04-05 19:00:00",292,13.45,14.61,82.1,4.925745,101.8,19.07,27.7,0,2.073,167.2,27.68,4.455,286,386.7,287.8,0.161
"2018-04-05 19:01:00",293,13.38,14.58,80.8,4.848172,101.8,18.43,27.26,0,1.756,156.3,27.27,4.399,286,386,287.7,0.161
"2018-04-05 19:02:00",294,13.35,14.56,79.47,4.768018,101.8,18.44,27.74,0,0.946,205.2,26.88,4.491,286.2,386.2,287.7,0.167
"2018-04-05 19:03:00",295,13.32,14.54,77.96,4.677551,101.8,18.5,28.8,0,1.316,247.2,26.15,4.551,285.9,386.4,287.7,0.174
"2018-04-05 19:04:00",296,13.3,14.51,76.53,4.591829,101.8,17.3,26.62,0,0.9,176.3,25.28,4.108,286,386.2,287.7,0.162
"2018-04-05 19:05:00",297,13.28,14.49,75.07,4.503946,101.8,17.08,25.18,0,0.818,183.2,24.55,4.022,286.1,386.3,287.6,0.164
"2018-04-05 19:06:00",298,13.26,14.46,73.68,4.42078,101.8,16.89,25.95,0,0.367,161.2,23.93,4.105,286.3,386.5,287.6,0.172
"2018-04-05 19:07:00",299,13.25,14.44,72.12,4.327327,101.8,16.93,27.53,0,1.321,122,23.33,4.121,286.2,386.2,287.6,0.177
"2018-04-05 19:08:00",300,13.23,14.41,70.57,4.234304,101.8,16.79,26.08,0,0.784,169.3,22.71,4.012,286.2,386.2,287.6,0.177
"2018-04-05 19:09:00",301,13.21,14.39,68.94,4.136575,101.8,15.91,24.42,0,1.648,154.4,22.14,3.93,286.1,386.1,287.5,0.177
"2018-04-05 19:10:00",302,13.2,14.36,67.39,4.04356,101.8,15.24,24.28,0,1.192,142.4,21.79,4.125,286.2,385.9,287.5,0.189
"2018-04-05 19:11:00",303,13.19,14.33,65.71,3.942821,101.8,15.33,24.15,0,0.97,219,21.12,4.211,286.3,386.1,287.5,0.199
"2018-04-05 19:12:00",304,13.18,14.31,63.97,3.838224,101.8,15.41,24.65,0,0.635,222.5,20.52,4.32,286,386.2,287.5,0.211
"2018-04-05 19:13:00",305,13.17,14.28,62.4,3.743916,101.8,15.33,24.26,0,0.84,160.7,19.73,4.072,286,386.3,287.4,0.206
"2018-04-05 19:14:00",306,13.16,14.25,60.71,3.642305,101.8,15.27,24.2,0,1.063,208.6,19,4.118,285.9,386,287.4,0.217
"2018-04-05 19:15:00",307,13.16,14.23,59.02,3.541142,101.8,15.2,26.39,0,0.586,176.4,18.45,4.062,285.8,386,287.4,0.22
"2018-04-05 19:16:00",308,13.15,14.2,57.38,3.442552,101.8,14.97,26.8,0,0.957,126.8,17.51,3.91,285.7,386.4,287.4,0.223
"2018-04-05 19:17:00",309,13.15,14.17,55.65,3.339246,101.8,14.05,27.5,0,0.928,81.4,16.67,3.731,286,386.4,287.3,0.224
"2018-04-05 19:18:00",310,13.15,14.14,53.9,3.234231,101.8,14.14,25.58,0,1.003,102.2,16.08,3.801,286,386.2,287.3,0.236
"2018-04-05 19:19:00",311,13.14,14.12,52.19,3.131364,101.8,14.32,23.43,0,1.612,73.57,15.56,3.778,285.9,385.9,287.3,0.243
"2018-04-05 19:20:00",312,13.14,14.09,50.48,3.028924,101.8,14.45,22.76,0,2.011,105.2,15.78,4.085,285.6,386.6,287.3,0.259
"2018-04-05 19:21:00",313,13.14,14.06,48.67,2.920489,101.8,14.51,23.56,0,0.603,228.6,15.4,4.363,285.6,386.8,287.2,0.283
"2018-04-05 19:22:00",314,13.13,14.03,46.95,2.817174,101.8,14.52,24.85,0,0.144,103.5,14.37,4.207,285.5,386.2,287.2,0.293
"2018-04-05 19:23:00",315,13.13,14.01,45.18,2.71087,101.8,14.49,23.04,0,0.879,45.86,13.47,3.847,285.6,385.6,287.2,0.286
"2018-04-05 19:24:00",316,13.13,13.98,43.42,2.605405,101.8,14.43,23.37,0,1.313,141.5,13.14,3.983,285.3,385,287.1,0.303
"2018-04-05 19:25:00",317,13.12,13.95,41.57,2.494376,101.8,14.48,24.3,0,0.284,247.9,12.58,4.121,285.4,385.9,287.1,0.328
"2018-04-05 19:26:00",318,13.12,13.92,39.85,2.391067,101.8,14.32,26.24,0,0.828,282.6,11.34,3.748,285.1,385.6,287.1,0.33
"2018-04-05 19:27:00",319,13.11,13.9,37.99,2.279185,101.8,13.52,25.82,0,0.341,172.8,10.21,3.308,285.1,385.4,287.1,0.324
"2018-04-05 19:28:00",320,13.11,13.87,36.22,2.173304,101.8,13.27,27.86,0,0.529,95.2,8.98,3.186,285.3,385.5,287,0.355
"2018-04-05 19:29:00",321,13.11,13.84,34.44,2.066139,101.8,13.33,23.55,0,1.952,107.2,8.72,3.255,285.3,384.8,287,0.373
"2018-04-05 19:30:00",322,13.11,13.82,32.64,1.958552,101.8,13.44,22.94,0,1.418,122.8,9.08,3.702,285.1,385.1,287,0.408
"2018-04-05 19:31:00",323,13.1,13.79,30.89,1.853107,101.8,13.51,24.29,0,1.429,4.52,8.6,3.84,284.8,385.2,286.9,0.447
"2018-04-05 19:32:00",324,13.1,13.76,29.09,1.745516,101.8,13.13,29.37,0,0.933,307.7,7.325,3.365,284.5,385,286.9,0.459
"2018-04-05 19:33:00",325,13.09,13.73,27.35,1.640925,101.8,12.47,25.5,0,0.554,54.7,6.275,3.13,285,385,286.9,0.5
"2018-04-05 19:34:00",326,13.09,13.7,25.65,1.538898,101.8,12.54,26.05,0,0.978,83.7,5.589,3.358,285,384.7,286.9,0.601
"2018-04-05 19:35:00",327,13.08,13.68,23.98,1.438589,101.8,12.61,29.02,0,0.867,27.43,4.928,3.464,284.8,384.5,286.8,0.704
"2018-04-05 19:36:00",328,13.08,13.65,22.24,1.334427,101.8,12.04,27.89,0,1.067,338.7,3.973,3.077,284.2,384.3,286.8,0.773
"2018-04-05 19:37:00",329,13.08,13.62,20.61,1.236693,101.8,11.24,31.79,0,1.3,10.25,2.701,2.062,284.7,384.8,286.8,0.765
"2018-04-05 19:38:00",330,13.07,13.59,18.98,1.138956,101.8,11.14,32.14,0,0.838,350.9,2.059,2.211,284.8,384.9,286.8,1.087
"2018-04-05 19:39:00",331,13.06,13.56,17.38,1.042933,101.8,10.89,34.38,0,1.496,325.9,1.056,1.669,284.3,384.7,286.7,1.755
"2018-04-05 19:40:00",332,13.06,13.53,15.82,0.9490588,101.8,10.31,29.47,0,1.424,347.5,-0.127,0.734,285.1,385.2,286.7,-2.292
"2018-04-05 19:41:00",333,13.06,13.49,14.3,0.8581812,101.8,10.36,29.48,0,0.911,13.03,-0.547,1.14,285.5,385.7,286.7,-2.209
"2018-04-05 19:42:00",334,13.05,13.46,12.84,0.7703045,101.8,10.51,36.16,0,0.611,92.5,-1.445,1.586,285.1,385.5,286.6,-1.137
"2018-04-05 19:43:00",335,13.05,13.42,11.45,0.6871447,101.8,10.34,34.25,0,0.598,27.02,-2.299,1.365,285.1,385.4,286.6,-0.6
"2018-04-05 19:44:00",336,13.04,13.38,10.14,0.6087,101.8,10.3,44.64,0,0.892,343.9,-2.932,1.434,285,385.6,286.6,-0.491
"2018-04-05 19:45:00",337,13.04,13.35,8.97,0.5383996,101.8,10.16,38.84,0,1.367,349.8,-3.274,1.256,285.3,385.6,286.5,-0.384
"2018-04-05 19:46:00",338,13.03,13.31,8.03,0.4818189,101.8,10.09,38.89,0,1.806,329.2,-3.318,1.256,285.5,385.8,286.5,-0.382
"2018-04-05 19:47:00",339,13.03,13.27,7.073,0.4243783,101.8,9.85,32.05,0,1.751,340.3,-3.938,0.694,285.9,386.8,286.4,-0.177
"2018-04-05 19:48:00",340,13.03,13.22,6.201,0.37208,101.8,10.03,33.89,0,1.223,351,-3.811,1.325,285.9,386.8,286.4,-0.349
"2018-04-05 19:49:00",341,13.02,13.18,5.415,0.3249274,101.8,10.12,38.72,0,1.019,4.743,-4.169,1.729,285.6,386.5,286.4,-0.415
"2018-04-05 19:50:00",342,13.02,13.14,4.687,0.2812041,101.8,9.98,39.7,0,0.998,336.9,-4.665,1.682,285.4,386.4,286.3,-0.361
"2018-04-05 19:51:00",343,13.02,13.09,4.072,0.2443392,101.8,9.82,42.13,0,1.294,349.8,-4.997,1.497,285.6,386.4,286.3,-0.3
"2018-04-05 19:52:00",344,13.01,13.04,3.522,0.2113325,101.8,9.7,37.12,0,1.509,352.3,-5.016,1.514,285.8,386.6,286.2,-0.302
"2018-04-05 19:53:00",345,13.01,13,3.022,0.1813264,101.8,9.76,46.08,0,1.838,334.8,-5.048,1.388,285.7,387.1,286.2,-0.276
"2018-04-05 19:54:00",346,13.01,12.95,2.601,0.156035,101.8,9.57,37.63,0,1.676,332.9,-5.488,0.985,285.6,387.4,286.1,-0.18
"2018-04-05 19:55:00",347,13.01,12.9,2.193,0.1316009,101.8,9.68,37.97,0,1.599,353.5,-5.26,1.398,285.7,387.3,286.1,-0.266
"2018-04-05 19:56:00",348,13,12.85,1.879,0.1127395,101.8,9.7,44.6,0,2.091,339.3,-5.178,1.606,285.5,387.1,286,-0.31
"2018-04-05 19:57:00",349,13,12.8,1.55,0.09302116,101.8,9.55,42.97,0,2.329,341.7,-5.254,1.497,285.3,387.6,286,-0.285
"2018-04-05 19:58:00",350,13,12.75,1.315,0.07887479,101.8,9.45,43.53,0,1.87,346.3,-5.33,1.398,285.2,387.7,285.9,-0.263
"2018-04-05 19:59:00",351,13,12.7,1.122,0.06730072,101.8,9.33,47.35,0,1.877,347.7,-5.633,1.256,285.3,387.5,285.9,-0.223
"2018-04-05 20:00:00",352,12.99,12.65,0.922,0.05529816,101.8,9.32,50.23,0,1.906,351.3,-5.491,1.464,285.5,387.6,285.8,-0.267
"2018-04-05 20:01:00",353,12.99,12.6,0.736,0.04415288,101.8,9.43,47.19,0,1.934,338.3,-5.168,1.844,285.4,387.5,285.8,-0.357
"2018-04-05 20:02:00",354,12.99,12.55,0.607,0.03643682,101.8,9.26,45.9,0,2.303,335,-5.355,1.715,285,387.4,285.7,-0.32
"2018-04-05 20:03:00",355,12.99,12.49,0.507,0.03043544,101.8,9.28,38.34,0,2.007,352.1,-5.238,1.778,285.4,387.6,285.7,-0.34
"2018-04-05 20:04:00",356,12.98,12.44,0.414,0.02486275,101.8,9.37,43.12,0,2.011,350.8,-5.203,1.963,285.4,387.1,285.6,-0.377
"2018-04-05 20:05:00",357,12.98,12.39,0.343,0.02057614,101.8,9.34,42.67,0,1.971,333,-5.213,2.033,284.8,386.9,285.6,-0.39
"2018-04-05 20:06:00",358,12.98,12.34,0.307,0.01843284,101.8,9.27,43.71,0,1.947,344.8,-5.447,1.831,284.5,386.6,285.5,-0.336
"2018-04-05 20:07:00",359,12.98,12.28,0.25,0.01500342,101.8,9.32,37.32,0,1.929,322.4,-5.437,1.986,284.6,386.4,285.5,-0.366
"2018-04-05 20:08:00",360,12.98,12.23,0.2,0.01200274,101.8,9.54,39.59,0,2.071,335.5,-5.039,2.39,284.5,386,285.4,-0.478
"2018-04-05 20:09:00",361,12.97,12.18,0.179,0.01071674,101.8,9.69,43.33,0,2.287,332.1,-4.349,2.819,284.1,385.9,285.4,-0.649
"2018-04-05 20:10:00",362,12.97,12.13,0.171,0.01028806,101.8,9.5,39.12,0,2.313,337,-4.77,2.343,284.1,385.6,285.3,-0.493
"2018-04-05 20:11:00",363,12.97,12.08,0.179,0.01071672,101.8,9.46,38.43,0,1.852,324.8,-5.086,2.079,284,385.4,285.3,-0.409
"2018-04-05 20:12:00",364,12.97,12.03,0.164,0.009859373,101.8,9.39,37.89,0,1.833,339.5,-5.194,2.052,283.6,385,285.2,-0.396
"2018-04-05 20:13:00",365,12.97,11.98,0.15,0.009001996,101.8,9.41,37.75,0,2.079,354.5,-5.216,2.142,283.7,384.8,285.2,-0.411
"2018-04-05 20:14:00",366,12.97,11.93,0.157,0.00943063,101.8,9.57,41.66,0,2.118,349.1,-4.9,2.449,283.4,384.5,285.1,-0.5
"2018-04-05 20:15:00",367,12.96,11.88,0.136,0.008144666,101.8,9.33,39.12,0,1.957,336.8,-5.254,1.95,283.6,384.4,285.1,-0.373
"2018-04-05 20:16:00",368,12.96,11.83,0.121,0.007287362,101.8,9.31,38.8,0,2.029,354.5,-5.273,1.937,283.6,384.2,285,-0.369
"2018-04-05 20:17:00",369,12.96,11.79,0.107,0.006430031,101.8,9.53,37.2,0,1.852,337,-4.669,2.588,283.2,384,285,-0.555
"2018-04-05 20:18:00",370,12.96,11.74,0.114,0.006858709,101.8,9.5,37.68,0,2.172,347.5,-4.76,2.565,282.8,383.7,284.9,-0.539
"2018-04-05 20:19:00",371,12.96,11.69,0.129,0.007716068,101.8,9.35,38.24,0,2.127,346,-4.938,2.284,282.8,383.6,284.9,-0.463
"2018-04-05 20:20:00",372,12.96,11.65,0.1,0.006001396,101.8,9.55,47.62,0,2.342,343.6,-5.276,1.851,282.3,383.6,284.8,-0.351
"2018-04-05 20:21:00",373,12.95,11.6,0.1,0.006001386,101.8,9.94,50.58,0,2.35,337.9,-5.263,1.805,282.2,383.8,284.8,-0.343
"2018-04-05 20:22:00",374,12.95,11.56,0.071,0.004286698,101.8,10.63,50.66,0,2.595,329.9,-4.896,2.148,282.2,383.7,284.7,-0.445
"2018-04-05 20:23:00",375,12.95,11.51,0.079,0.004715362,101.8,10.87,55.42,0,2.59,319.4,-4.881,2.102,281.6,383.9,284.7,-0.432
"2018-04-05 20:24:00",376,12.95,11.47,0.079,0.004715373,101.8,11.99,55.4,0,2.138,341.6,-5.225,1.791,281.7,383.7,284.6,-0.344
"2018-04-05 20:25:00",377,12.95,11.43,0.1,0.006001398,101.8,12.23,57.17,0,2.385,340.4,-5.178,1.98,281.4,383.4,284.6,-0.383
"2018-04-05 20:26:00",378,12.95,11.38,0.093,0.005572738,101.8,12.04,51.33,0,2.832,0.082,-5.156,1.775,281.5,383.4,284.6,-0.344
"2018-04-05 20:27:00",379,12.94,11.34,0.093,0.005572746,101.8,11.79,47.79,0,1.903,326.4,-5.08,1.907,281.8,383.5,284.5,-0.377
"2018-04-05 20:28:00",380,12.94,11.3,0.093,0.005572754,101.8,11.52,48.54,0,2.471,320.3,-4.934,2.158,281,382.8,284.5,-0.44
"2018-04-05 20:29:00",381,12.94,11.26,0.093,0.00557276,101.8,9.77,48.3,0,2.323,341,-5.488,1.514,281.2,383.1,284.4,-0.276
"2018-04-05 20:30:00",382,12.94,11.21,0.071,0.004286743,101.8,9.87,52.89,0,2.507,333.9,-5.333,1.709,281.3,383.4,284.4,-0.322
"2018-04-05 20:31:00",383,12.94,11.17,0.1,0.006001422,101.8,9.8,49,0,2.385,336.5,-5.213,1.831,281.1,383.3,284.3,-0.352
"2018-04-05 20:32:00",384,12.94,11.13,0.086,0.005144064,101.8,10.15,47.42,0,2.633,346.2,-5.263,1.748,280.7,383.2,284.3,-0.333
"2018-04-05 20:33:00",385,12.94,11.09,0.079,0.004715406,101.8,10.42,44.32,0,2.21,330.4,-5.263,1.719,280.8,383,284.3,-0.327
"2018-04-05 20:34:00",386,12.93,11.05,0.079,0.004715431,101.8,11.27,51.71,0,2.496,325.7,-5.472,1.501,280.6,382.9,284.2,-0.275
"2018-04-05 20:35:00",387,12.93,11.01,0.079,0.004715441,101.8,11.74,53.22,0,2.978,329.2,-5.501,1.395,280.4,383,284.2,-0.254
"2018-04-05 20:36:00",388,12.93,10.96,0.107,0.006430146,101.8,11.25,60.52,0,2.84,327.7,-5.535,1.256,280.5,383.3,284.1,-0.227
"2018-04-05 20:37:00",389,12.93,10.92,0.057,0.003429411,101.8,11.4,57.71,0,2.806,335.6,-5.418,1.325,280.4,383.3,284.1,-0.245
"2018-04-05 20:38:00",390,12.93,10.88,0.107,0.006430145,101.8,11.23,57.98,0,2.692,324.7,-5.602,1.101,280.4,383.1,284,-0.196
"2018-04-05 20:39:00",391,12.93,10.84,0.093,0.005572792,101.8,11.51,54.88,0,2.293,342.7,-5.596,1.236,280.6,383.1,284,-0.221
"2018-04-05 20:40:00",392,12.93,10.79,0.05,0.003000734,101.8,11.53,53.09,0,2.821,332.7,-5.38,1.504,280.1,383.1,284,-0.28
"2018-04-05 20:41:00",393,12.92,10.75,0.093,0.005572791,101.8,11.51,52.2,0,2.553,332.1,-5.251,1.524,280.5,383,283.9,-0.29
"2018-04-05 20:42:00",394,12.92,10.71,0.079,0.004715426,101.8,11.53,58.43,0,2.543,343.9,-5.08,1.748,280.1,382.9,283.9,-0.345
"2018-04-05 20:43:00",395,12.92,10.67,0.093,0.00557277,101.8,11.47,60.84,0,1.89,346.7,-5.058,1.91,280.1,382.7,283.8,-0.378
"2018-04-05 20:44:00",396,12.92,10.63,0.079,0.004715416,101.8,11.53,57.9,0,1.971,325.4,-5.102,2.254,279.5,382.4,283.8,-0.443
"2018-04-05 20:45:00",397,12.92,10.58,0.086,0.005144086,101.8,11.25,53.51,0,2.327,332.5,-5.2,2.112,279.5,382.1,283.8,-0.407
"2018-04-05 20:46:00",398,12.92,10.54,0.1,0.006001458,101.8,11.24,57.26,0,2.721,348.6,-5.175,2.003,279.2,382.3,283.7,-0.387
"2018-04-05 20:47:00",399,12.92,10.5,0.093,0.005572784,101.8,11.24,54.94,0,2.355,351.7,-5.007,2.046,279.2,382.3,283.7,-0.409
"2018-04-05 20:48:00",400,12.91,10.46,0.086,0.005144109,101.8,11.28,52.93,0,2.12,349.7,-4.859,2.267,279.2,381.9,283.6,-0.467
"2018-04-05 20:49:00",401,12.91,10.42,0.064,0.003858082,101.8,11.2,56.76,0,2.166,339.3,-5.074,2.39,278.8,381.3,283.6,-0.472
"2018-04-05 20:50:00",402,12.91,10.37,0.064,0.003858104,101.8,12,57.34,0,2.639,347.5,-5.165,2.079,278.5,381.6,283.5,-0.403
"2018-04-05 20:51:00",403,12.91,10.33,0.086,0.00514416,101.8,11.14,58.04,0,2.316,317.1,-5.042,2.132,278.7,381.6,283.5,-0.424
"2018-04-05 20:52:00",404,12.91,10.29,0.107,0.006430204,101.8,11.16,59.44,0,2.713,331.5,-4.893,2.429,278,381.1,283.5,-0.497
"2018-04-05 20:53:00",405,12.91,10.25,0.093,0.005572834,101.8,9.55,55.27,0,2.893,347.2,-5.064,1.874,278.4,381.5,283.4,-0.371
"2018-04-05 20:54:00",406,12.91,10.21,0.05,0.003000753,101.8,9.48,49.92,0,1.802,343.1,-5.033,2.172,278.6,381.1,283.4,-0.432
"2018-04-05 20:55:00",407,12.9,10.17,0.064,0.003858121,101.8,9.66,57.24,0,2.283,336.1,-5.001,2.446,278.2,380.5,283.3,-0.49
"2018-04-05 20:56:00",408,12.9,10.13,0.086,0.005144152,101.8,9.5,49.88,0,2.087,334.6,-4.966,2.406,278.3,380.8,283.3,-0.485
"2018-04-05 20:57:00",409,12.9,10.1,0.079,0.004715466,101.8,9.55,55.53,0,2.917,344.8,-4.7,2.562,277.5,380.7,283.3,-0.546
"2018-04-05 20:58:00",410,12.9,10.06,0.114,0.006858853,101.8,8.96,56.39,0,3.427,334,-4.906,1.97,277.7,380.8,283.2,-0.403
"2018-04-05 20:59:00",411,12.9,10.02,0.079,0.004715469,101.8,8.59,59.27,0,2.891,320.8,-4.985,1.676,278,380.9,283.2,-0.336
"2018-04-05 21:00:00",412,12.9,9.98,0.086,0.00514415,101.8,8.6,54.03,0,3.281,325.2,-5.017,1.646,277.8,380.8,283.1,-0.328
"2018-04-05 21:01:00",413,12.9,9.95,0.1,0.006001501,101.8,8.75,55.64,0,2.667,324,-5.102,1.454,278.3,380.8,283.1,-0.285
"2018-04-05 21:02:00",414,12.89,9.91,0.093,0.005572816,101.8,8.93,56.28,0,3.094,331.1,-4.878,1.934,277.3,380.5,283.1,-0.398
"2018-04-05 21:03:00",415,12.89,9.87,0.1,0.006001489,101.8,8.92,54.35,0,2.486,348.7,-4.792,1.983,277.7,380.4,283,-0.414
"2018-04-05 21:04:00",416,12.89,9.84,0.107,0.006430162,101.8,8.87,54.99,0,2.017,333.6,-4.859,2.139,277.5,379.8,283,-0.441
"2018-04-05 21:05:00",417,12.89,9.8,0.114,0.00685881,101.8,8.79,53.13,0,1.78,319.6,-5.026,2.198,277.1,379.3,283,-0.438
"2018-04-05 21:06:00",418,12.89,9.76,0.064,0.003858092,101.8,8.75,44.87,0,1.872,326.8,-5.352,2.029,277.3,379,282.9,-0.38
"2018-04-05 21:07:00",419,12.89,9.73,0.064,0.003858095,101.8,8.91,50.56,0,2.488,0.182,-4.976,2.317,277.4,379,282.9,-0.468
"2018-04-05 21:08:00",420,12.89,9.69,0.093,0.005572786,101.8,9.17,52.97,0,2.713,334.8,-4.501,2.747,276.9,379,282.9,-0.611
"2018-04-05 21:09:00",421,12.88,9.66,0.093,0.005572777,101.8,8.9,55.38,0,2.313,346.5,-4.65,2.35,277.2,379,282.8,-0.507
"2018-04-05 21:10:00",422,12.88,9.62,0.114,0.006858805,101.8,8.8,52.74,0,2.051,335.1,-4.925,2.165,276.9,378.6,282.8,-0.44
"2018-04-05 21:11:00",423,12.88,9.59,0.121,0.007287488,101.8,8.82,55.29,0,2.884,341.7,-5.077,2,276.5,378.7,282.8,-0.394
"2018-04-05 21:12:00",424,12.88,9.56,0.1,0.006001483,101.8,9.02,51.74,0,2.179,351.5,-4.799,2.182,276.8,378.8,282.7,-0.455
"2018-04-05 21:13:00",425,12.88,9.53,0.093,0.005572802,101.8,9.16,51.81,0,1.792,350.3,-4.583,2.595,277.1,378.1,282.7,-0.566
"2018-04-05 21:14:00",426,12.88,9.49,0.086,0.005144124,101.8,9.19,54.58,0,2.656,331.6,-4.716,2.568,275.7,377.4,282.7,-0.545
"2018-04-05 21:15:00",427,12.88,9.46,0.093,0.005572814,101.8,8.97,52.54,0,2.502,346.1,-4.947,2.063,276.1,377.6,282.6,-0.417
"2018-04-05 21:16:00",428,12.87,9.43,0.071,0.004286792,101.8,8.96,57.51,0,2.419,334.9,-5.023,1.871,275.9,377.8,282.6,-0.373
"2018-04-05 21:17:00",429,12.87,9.4,0.086,0.005144164,101.8,8.98,65.43,0,1.924,352.9,-5.007,1.96,275.5,377.7,282.6,-0.393
"2018-04-05 21:18:00",430,12.87,9.37,0.093,0.005572847,101.8,9.03,61.58,0,2.233,340,-4.843,2.38,275.1,377.2,282.5,-0.492
"2018-04-05 21:19:00",431,12.87,9.34,0.1,0.00600152,101.8,8.98,54.98,0,2.115,351.2,-4.704,2.453,275.3,377.1,282.5,-0.521
"2018-04-05 21:20:00",432,12.87,9.31,0.093,0.005572853,101.8,9,53.33,0,2.112,339.1,-4.783,2.403,275,377,282.5,-0.503
"2018-04-05 21:21:00",433,12.87,9.28,0.093,0.005572862,101.8,8.94,53.71,0,2.037,351.4,-4.862,2.363,274.8,377,282.4,-0.486
"2018-04-05 21:22:00",434,12.87,9.25,0.1,0.006001529,101.8,8.96,54.23,0,2.081,334.8,-4.938,2.291,274.7,377,282.4,-0.464
"2018-04-05 21:23:00",435,12.86,9.21,0.1,0.006001538,101.8,9.71,64.82,0,3.041,333.7,-4.909,2.132,274.1,376.7,282.4,-0.435
"2018-04-05 21:24:00",436,12.86,9.18,0.093,0.005572865,101.8,11.42,66.57,0,2.822,349.8,-5.203,1.471,274.2,377.8,282.3,-0.284
"2018-04-05 21:25:00",437,12.86,9.16,0.093,0.005572872,101.9,11.67,55.39,0,1.872,329.4,-5.178,1.732,274.6,378,282.3,-0.335
"2018-04-05 21:26:00",438,12.86,9.13,0.093,0.005572878,101.9,11.78,64.96,0,2.403,325.3,-5.052,2.182,273.9,377.1,282.3,-0.433
"2018-04-05 21:27:00",439,12.86,9.1,0.093,0.005572882,101.9,11.6,65.61,0,2.372,327.9,-5.064,2.119,273.8,377,282.3,-0.419
"2018-04-05 21:28:00",440,12.86,9.07,0.086,0.005144203,101.9,10.79,62.3,0,2.623,330,-5.27,1.811,273.8,377.2,282.2,-0.344
"2018-04-05 21:29:00",441,12.86,9.04,0.1,0.006001574,101.8,10.62,61.34,0,2.835,329.2,-5.346,1.477,274.2,377.5,282.2,-0.276
"2018-04-05 21:30:00",442,12.86,9.01,0.086,0.005144209,101.8,10.3,60.97,0,2.555,334.2,-5.279,1.55,274.1,377.7,282.2,-0.294
"2018-04-05 21:31:00",443,12.85,8.98,0.093,0.005572894,101.8,9.47,56.81,0,3.131,338.8,-5.118,1.673,274,377.7,282.1,-0.327
"2018-04-05 21:32:00",444,12.85,8.95,0.1,0.006001581,101.8,8.31,55.28,0,2.917,321.3,-5.14,1.597,274,377.8,282.1,-0.311
"2018-04-05 21:33:00",445,12.85,8.91,0.079,0.004715518,101.9,7.874,50.73,0,2.277,348.9,-5.238,1.623,273.9,377.9,282.1,-0.31
"2018-04-05 21:34:00",446,12.85,8.88,0.064,0.003858156,101.9,7.907,48.73,0,2.105,340.4,-5.14,1.838,274,377.5,282,-0.358
"2018-04-05 21:35:00",447,12.85,8.85,0.093,0.005572905,101.9,8.03,56.47,0,2.296,338.4,-5.052,2.063,273.9,377.2,282,-0.408
"2018-04-05 21:36:00",448,12.85,8.82,0.107,0.006430275,101.9,8,59.81,0,2.811,350.5,-4.894,2.178,273.8,377.4,282,-0.446
"2018-04-05 21:37:00",449,12.84,8.79,0.107,0.006430275,101.8,7.986,56,0,2.249,347.9,-4.862,2.102,274.1,377.3,282,-0.433
"2018-04-05 21:38:00",450,12.84,8.76,0.086,0.00514422,101.8,7.832,51.23,0,2.104,339.3,-5.03,1.99,274.2,376.8,281.9,-0.396
"2018-04-05 21:39:00",451,12.84,8.72,0.107,0.006430299,101.8,7.796,49.17,0,2.182,342.7,-5.191,1.854,274.2,376.8,281.9,-0.357
"2018-04-05 21:40:00",452,12.84,8.69,0.093,0.005572924,101.8,7.821,52.77,0,2.172,336.5,-5.121,1.973,274.2,376.7,281.9,-0.385
"2018-04-05 21:41:00",453,12.84,8.66,0.093,0.00557292,101.8,7.819,57.07,0,2.439,341.5,-5.071,2.109,274,376.5,281.8,-0.416
"2018-04-05 21:42:00",454,12.84,8.63,0.1,0.006001593,101.8,7.891,60.82,0,2.667,329.2,-4.751,2.38,273.6,376.6,281.8,-0.502
"2018-04-05 21:43:00",455,12.84,8.6,0.086,0.005144219,101.8,7.814,55.76,0,3.023,318.4,-4.628,2.32,273.5,376.7,281.8,-0.501
"2018-04-05 21:44:00",456,12.83,8.56,0.086,0.005144237,101.8,7.696,57.35,0,3.077,325.8,-4.71,2.039,273.4,376.7,281.7,-0.433
"2018-04-05 21:45:00",457,12.84,8.53,0.093,0.005572941,101.8,7.617,63.93,0,2.855,322.4,-4.735,1.983,273.4,376.7,281.7,-0.419
"2018-04-05 21:46:00",458,12.83,8.5,0.086,0.005144266,101.8,7.748,61.58,0,2.352,324,-4.451,2.413,273.3,376.5,281.7,-0.544
"2018-04-05 21:47:00",459,12.83,8.47,0.107,0.006430321,101.8,7.648,59.11,0,2.354,340.4,-4.454,2.515,273.2,375.8,281.6,-0.566
"2018-04-05 21:48:00",460,12.83,8.44,0.107,0.006430313,101.8,7.524,59.07,0,2.559,341.6,-4.618,2.32,273.2,375.4,281.6,-0.504
"2018-04-05 21:49:00",461,12.83,8.41,0.093,0.005572932,101.8,7.628,57.59,0,2.421,5.811,-4.647,2.228,273.5,375.6,281.6,-0.48
"2018-04-05 21:50:00",462,12.83,8.39,0.143,0.008573734,101.8,7.766,53.3,0,2.045,352.6,-4.615,2.4,273.6,375.3,281.5,-0.52
"2018-04-05 21:51:00",463,12.83,8.36,0.114,0.006858982,101.8,7.742,54.47,0,2.087,351,-4.647,2.469,273.7,374.9,281.5,-0.532
"2018-04-05 21:52:00",464,12.82,8.33,0.107,0.0064303,101.8,7.871,61.39,0,2.282,345.6,-4.514,2.737,273.5,374.7,281.5,-0.607
"2018-04-05 21:53:00",465,12.82,8.3,0.136,0.00814507,101.8,7.927,58.2,0,2.372,328.8,-4.419,2.863,273.4,374.3,281.5,-0.648
"2018-04-05 21:54:00",466,12.82,8.28,0.136,0.008145088,101.8,7.738,51.93,0,2.764,326.3,-4.324,2.701,273.2,373.8,281.4,-0.626
"2018-04-05 21:55:00",467,12.82,8.25,0.143,0.008573763,101.8,7.553,56.74,0,2.705,333.8,-4.663,2.099,273.2,374.3,281.4,-0.451
"2018-04-05 21:56:00",468,12.82,8.23,0.136,0.008145063,101.8,7.675,58.54,0,2.653,332.2,-4.704,2.059,273.2,374.4,281.4,-0.438
"2018-04-05 21:57:00",469,12.82,8.2,0.171,0.01028849,101.8,8.05,63.3,0,2.133,339.9,-4.824,1.957,273.2,374.3,281.4,-0.406
"2018-04-05 21:58:00",470,12.82,8.18,0.143,0.008573734,101.8,8.24,64.03,0,2.45,327.4,-4.65,2.086,273.4,374.1,281.3,-0.449
"2018-04-05 21:59:00",471,12.81,8.16,0.143,0.008573747,101.8,8.35,67.08,0,2.158,343.8,-4.631,2.158,273.6,374,281.3,-0.467
"2018-04-05 22:00:00",472,12.81,8.13,0.157,0.009431131,101.8,8.41,64.6,0,2.154,329.2,-4.479,2.37,273.5,373.9,281.3,-0.529
"2018-04-05 22:01:00",473,12.81,8.11,0.179,0.0107172,101.8,8.27,61.71,0,2.125,340.6,-4.66,2.244,273.7,373.8,281.3,-0.482
"2018-04-05 22:02:00",474,12.81,8.09,0.164,0.009859836,101.8,9.7,63.24,0,2.223,340.6,-4.865,2.03,274.1,373.7,281.3,-0.417
"2018-04-05 22:03:00",475,12.81,8.07,0.136,0.00814507,101.8,9.83,65.34,0,2.149,351.9,-4.878,2.069,274.2,373.8,281.2,-0.425
"2018-04-05 22:04:00",476,12.81,8.05,0.143,0.008573782,101.8,9.99,66.18,0,2.247,334.2,-4.634,2.284,274.1,373.7,281.2,-0.493
"2018-04-05 22:05:00",477,12.81,8.03,0.136,0.008145108,101.8,9.99,64.07,0,2.499,324.9,-4.634,2.294,273.8,373.5,281.2,-0.496
"2018-04-05 22:06:00",478,12.81,8.01,0.15,0.009002475,101.8,9.99,65.1,0,2.545,348.4,-4.505,2.354,274.1,373.4,281.2,-0.524
"2018-04-05 22:07:00",479,12.8,7.99,0.164,0.009859862,101.8,10.1,59.29,0,1.875,354.5,-4.245,2.575,274.4,373.7,281.1,-0.607
"2018-04-05 22:08:00",480,12.8,7.971,0.171,0.01028855,101.8,10.16,62.43,0,1.503,349.5,-4.378,2.72,274.2,373.6,281.1,-0.621
"2018-04-05 22:09:00",481,12.8,7.949,0.164,0.009859854,101.8,10.1,61.51,0,1.7,343.4,-4.467,2.929,273.9,373.4,281.1,-0.656
"2018-04-05 22:10:00",482,12.8,7.93,0.157,0.009431173,101.8,10.2,63.97,0,2.014,322.7,-4.46,2.813,273.9,373.3,281.1,-0.631
"2018-04-05 22:11:00",483,12.8,7.914,0.171,0.01028853,101.8,10.08,61.45,0,2.855,332.6,-4.302,2.744,274,372.8,281.1,-0.638
"2018-04-05 22:12:00",484,12.8,7.895,0.143,0.008573763,101.8,10.69,67.21,0,3.209,338,-4.464,2.145,275.2,372.8,281.1,-0.481
"2018-04-05 22:13:00",485,12.8,7.879,0.179,0.01071719,101.8,11.74,70.25,0,3.128,354,-4.343,2.049,276.9,373.9,281,-0.473
"2018-04-05 22:14:00",486,12.79,7.862,0.164,0.009859802,101.8,11.71,70.33,0,2.875,334.2,-4.03,2.301,277.6,373.8,281,-0.572
"2018-04-05 22:15:00",487,12.79,7.846,0.157,0.009431134,101.8,11.86,69.62,0,2.809,340.6,-4.002,2.218,278.5,373.6,281,-0.556
"2018-04-05 22:16:00",488,12.79,7.827,0.171,0.01028851,101.8,13.85,67.02,0,2.816,342.6,-4.353,1.706,279.8,373.9,281,-0.393
"2018-04-05 22:17:00",489,12.79,7.813,0.186,0.01114587,101.8,12.42,67.64,0,2.448,332.6,-4.312,1.735,280.9,374.1,281,-0.403
"2018-04-05 22:18:00",490,12.79,7.797,0.136,0.00814507,101.8,12.19,67.44,0,2.087,345.5,-4.245,1.944,282.6,374,281,-0.459
"2018-04-05 22:19:00",491,12.79,7.78,0.136,0.008145116,101.8,12.06,65.9,0,1.638,344.9,-4.027,2.353,284.9,373.7,280.9,-0.585
"2018-04-05 22:20:00",492,12.79,7.767,0.157,0.009431201,101.8,12.12,63.61,0,1.601,339.3,-3.866,2.658,286.2,373.3,280.9,-0.689
"2018-04-05 22:21:00",493,12.79,7.75,0.179,0.01071729,101.8,12.15,57.97,0,1.875,326.7,-3.755,2.681,285.1,373,280.9,-0.714
"2018-04-05 22:22:00",494,12.78,7.737,0.179,0.0107173,101.8,12.11,66.53,0,2.251,336.1,-3.825,2.545,282.1,372.6,280.9,-0.667
"2018-04-05 22:23:00",495,12.78,7.723,0.186,0.011146,101.8,11.69,58.79,0,2.215,321,-4.239,2.01,279.1,372.7,280.9,-0.475
"2018-04-05 22:24:00",496,12.78,7.707,0.171,0.01028862,101.8,11.83,61.2,0,2.249,0.018,-4.34,1.993,276.7,373.1,280.9,-0.459
"2018-04-05 22:25:00",497,12.78,7.693,0.214,0.01286081,101.8,12,61.16,0,2.372,327,-4.362,2.155,275.5,373.1,280.8,-0.495
"2018-04-05 22:26:00",498,12.78,7.68,0.143,0.008573891,101.8,11.9,60.81,0,2.136,330,-4.413,2.132,275.1,373.1,280.8,-0.484
"2018-04-05 22:27:00",499,12.78,7.667,0.143,0.008573884,101.8,11.72,59.51,0,2.02,342.1,-4.432,2.287,274.9,373,280.8,-0.517
"2018-04-05 22:28:00",500,12.78,7.653,0.15,0.00900254,101.8,11.8,60.57,0,2.006,324.2,-4.337,2.463,274.4,372.5,280.8,-0.568
"2018-04-05 22:29:00",501,12.78,7.637,0.143,0.008573821,101.8,11.74,58.36,0,2.081,332.5,-4.47,2.354,273.9,372.3,280.8,-0.527
"2018-04-05 22:30:00",502,12.78,7.623,0.157,0.009431214,101.8,11.75,62.49,0,2.136,341.6,-4.641,2.218,273.3,372.4,280.8,-0.478
"2018-04-05 22:31:00",503,12.77,7.61,0.143,0.00857384,101.8,11.74,68.38,0,2.2,343.9,-4.445,2.436,272.5,372.5,280.8,-0.55
"2018-04-05 22:32:00",504,12.77,7.596,0.143,0.008573822,101.8,11.84,66.73,0,2.385,338.9,-4.242,2.701,271.7,372.2,280.8,-0.637
"2018-04-05 22:33:00",505,12.77,7.582,0.164,0.009859894,101.8,11.91,65.28,0,2.822,340.2,-4.204,2.78,271,371.8,280.7,-0.662
"2018-04-05 22:34:00",506,12.77,7.569,0.164,0.009859905,101.8,11.75,71.28,0,2.597,334.6,-4.065,2.72,270.8,371.8,280.7,-0.67
"2018-04-05 22:35:00",507,12.77,7.555,0.157,0.009431211,101.8,11.72,65.9,0,2.79,324,-4.264,2.383,271,372.1,280.7,-0.56
"2018-04-05 22:36:00",508,12.77,7.542,0.164,0.009859882,101.8,11.54,67.49,0,2.372,325.6,-4.577,2.092,271.3,372.1,280.7,-0.457
"2018-04-05 22:37:00",509,12.77,7.531,0.171,0.01028859,101.8,11.58,63.99,0,1.893,351.6,-4.419,2.377,271.8,372.1,280.7,-0.54
"2018-04-05 22:38:00",510,12.77,7.517,0.15,0.009002487,101.8,11.49,64.11,0,1.53,345.6,-4.543,2.486,272.3,371.8,280.7,-0.547
"2018-04-05 22:39:00",511,12.77,7.504,0.164,0.009859847,101.8,11.49,65.75,0,1.594,342,-4.631,2.625,272.4,371.6,280.7,-0.567
"2018-04-05 22:40:00",512,12.77,7.49,0.171,0.01028855,101.8,11.36,66.17,0,2.326,340.3,-4.729,2.476,271.8,371.4,280.6,-0.524
"2018-04-05 22:41:00",513,12.76,7.479,0.136,0.008145115,101.8,11.33,69.2,0,2.375,352.9,-4.742,2.251,271.2,371.1,280.6,-0.475
"2018-04-05 22:42:00",514,12.76,7.463,0.143,0.00857382,101.8,11.29,64.73,0,1.968,354.5,-4.539,2.344,270.9,371.4,280.6,-0.516
"2018-04-05 22:43:00",515,12.76,7.452,0.15,0.009002521,101.9,11.36,61.21,0,1.388,3.085,-4.701,2.651,270.8,371.6,280.6,-0.564
"2018-04-05 22:44:00",516,12.76,7.439,0.129,0.007716453,101.9,11.27,59.83,0,1.586,349.9,-4.647,2.909,270.8,371.6,280.6,-0.626
"2018-04-05 22:45:00",517,12.76,7.425,0.114,0.006859075,101.9,11.35,64.7,0,1.931,347.8,-4.577,2.886,271,371.5,280.6,-0.63
"2018-04-05 22:46:00",518,12.76,7.414,0.121,0.007287774,101.9,11.32,68.2,0,2.246,347.1,-4.552,2.727,271.4,371.2,280.6,-0.599
"2018-04-05 22:47:00",519,12.76,7.398,0.086,0.005144314,101.9,11.14,66.81,0,2.443,324.1,-4.47,2.664,271.8,371,280.6,-0.596
"2018-04-05 22:48:00",520,12.76,7.387,0.107,0.006430394,101.9,9.98,62.91,0,2.494,321.4,-4.593,2.291,272.1,370.7,280.5,-0.501
"2018-04-05 22:49:00",521,12.76,7.373,0.086,0.005144317,101.9,9.72,64.54,0,2.426,327.9,-4.78,1.897,272.3,370.9,280.5,-0.397
"2018-04-05 22:50:00",522,12.76,7.357,0.1,0.006001691,101.9,9.79,63.83,0,2.432,329.3,-4.868,1.739,272.2,371.4,280.5,-0.357
"2018-04-05 22:51:00",523,12.75,7.344,0.107,0.006430375,101.9,9.66,61.34,0,2.421,324.3,-4.764,1.821,272,371.6,280.5,-0.382
"2018-04-05 22:52:00",524,12.75,7.327,0.114,0.006859065,101.9,9.56,58.56,0,2.404,333.8,-4.799,1.785,271.8,371.9,280.5,-0.372
"2018-04-05 22:53:00",525,12.75,7.311,0.114,0.006859056,101.9,9.6,58.54,0,2.538,328.6,-4.695,1.99,271.7,371.9,280.5,-0.424
"2018-04-05 22:54:00",526,12.75,7.298,0.107,0.006430394,101.9,9.68,63.74,0,2.323,327.9,-4.682,2.079,271.5,372,280.5,-0.444
"2018-04-05 22:55:00",527,12.75,7.282,0.086,0.005144318,101.9,9.55,59.89,0,2.357,319,-4.517,2.301,270.9,372,280.4,-0.51
"2018-04-05 22:56:00",528,12.75,7.263,0.086,0.005144319,101.9,9.66,60.25,0,2.386,327.3,-4.565,2.268,270.7,372.1,280.4,-0.497
"2018-04-05 22:57:00",529,12.75,7.247,0.086,0.00514432,101.9,9.63,62.48,0,2.154,338.5,-4.685,2.281,270.4,372.1,280.4,-0.487
"2018-04-05 22:58:00",530,12.75,7.227,0.1,0.006001708,101.9,9.58,62.68,0,2.205,332.6,-4.492,2.648,270.2,372.1,280.4,-0.592
"2018-04-05 22:59:00",531,12.75,7.211,0.093,0.005573016,101.9,9.64,65.83,0,1.991,341.8,-4.305,2.836,269.8,372,280.4,-0.659
"2018-04-05 23:00:00",532,12.75,7.192,0.093,0.005573016,101.9,9.69,65.88,0,1.857,335.1,-4.362,2.757,269.6,371.5,280.4,-0.633
"2018-04-05 23:01:00",533,12.74,7.176,0.086,0.005144323,101.9,9.67,60.91,0,1.746,349.9,-4.255,2.929,269.4,371.1,280.3,-0.689
"2018-04-05 23:02:00",534,12.75,7.157,0.1,0.006001711,101.9,9.77,60.46,0,1.53,10.61,-4.277,3.005,269.2,370.8,280.3,-0.703
"2018-04-05 23:03:00",535,12.74,7.138,0.1,0.006001711,101.9,9.68,57.09,0,1.406,354.5,-4.536,3.054,269.2,370.9,280.3,-0.673
"2018-04-05 23:04:00",536,12.74,7.122,0.093,0.005573018,101.9,9.67,54.77,0,1.279,0.082,-4.676,3.177,269.1,370.8,280.3,-0.68
"2018-04-05 23:05:00",537,12.74,7.103,0.086,0.005144325,101.9,9.68,56.84,0,1.375,3.959,-4.843,3.127,269,370.7,280.3,-0.646
"2018-04-05 23:06:00",538,12.74,7.087,0.093,0.005573018,101.9,9.59,60.55,0,1.326,0.147,-4.954,3.124,269,370.6,280.2,-0.631
"2018-04-05 23:07:00",539,12.74,7.068,0.093,0.005573018,101.9,9.61,64.6,0,1.21,0.082,-5.125,2.978,269,370.7,280.2,-0.581
"2018-04-05 23:08:00",540,12.74,7.051,0.086,0.005144325,101.9,9.4,61.76,0,1.271,6.797,-5.093,3.104,269.1,370.7,280.2,-0.609
"2018-04-05 23:09:00",541,12.74,7.033,0.086,0.00514433,101.9,9.37,55.29,0,1.225,17.89,-5.172,3.134,269.2,370.8,280.2,-0.606
"2018-04-05 23:10:00",542,12.74,7.016,0.079,0.00471565,101.9,9.48,54.37,0,1.256,349.2,-5.134,3.137,269.2,370.6,280.2,-0.611
"2018-04-05 23:11:00",543,12.74,7,0.086,0.005144342,101.9,9.51,56.46,0,1.434,348.6,-4.929,3.187,269.1,370.7,280.2,-0.647
"2018-04-05 23:12:00",544,12.74,6.981,0.086,0.005144338,101.9,9.47,61.97,0,1.686,339.4,-4.805,3.058,268.8,370.6,280.1,-0.637
"2018-04-05 23:13:00",545,12.74,6.965,0.093,0.005573012,101.8,9.22,66.21,0,2.344,326,-4.666,2.959,268.5,370,280.1,-0.635
"2018-04-05 23:14:00",546,12.73,6.949,0.1,0.00600172,101.8,6.663,66.63,0,2.274,341.8,-4.805,2.423,268.4,369.6,280.1,-0.505
"2018-04-05 23:15:00",547,12.73,6.93,0.086,0.005144337,101.8,6,65.25,0,2.051,338.4,-4.818,2.321,268.4,370.2,280.1,-0.482
"2018-04-05 23:16:00",548,12.73,6.911,0.086,0.005144335,101.8,5.893,62.09,0,1.873,332.2,-4.837,2.324,268.4,370.2,280.1,-0.481
"2018-04-05 23:17:00",549,12.73,6.895,0.086,0.005144334,101.8,5.717,61.56,0,1.816,328.1,-4.764,2.469,268.3,370.2,280.1,-0.519
"2018-04-05 23:18:00",550,12.73,6.876,0.107,0.006430419,101.9,5.628,57.61,0,1.942,327.2,-4.837,2.337,268.3,370,280,-0.483
"2018-04-05 23:19:00",551,12.73,6.86,0.086,0.005144352,101.9,5.884,58.92,0,2.212,323.9,-4.903,2.221,268.4,369.8,280,-0.453
"2018-04-05 23:20:00",552,12.73,6.838,0.086,0.005144346,101.9,6.003,59.88,0,2.278,332.3,-4.853,2.211,268.5,369.9,280,-0.456
"2018-04-05 23:21:00",553,12.73,6.819,0.086,0.005144343,101.9,5.995,58.5,0,2.305,329.7,-4.739,2.251,268.6,370,280,-0.475
"2018-04-05 23:22:00",554,12.73,6.803,0.093,0.005573035,101.9,6.1,61.03,0,2.084,328,-4.653,2.43,268.6,370.1,280,-0.522
"2018-04-05 23:23:00",555,12.73,6.782,0.093,0.005573032,101.9,6.096,62.09,0,1.991,331.4,-4.619,2.525,268.5,370,279.9,-0.547
"2018-04-05 23:24:00",556,12.73,6.763,0.107,0.00643042,101.8,6.249,63.91,0,1.694,347,-4.391,2.777,268.3,369.8,279.9,-0.633
"2018-04-05 23:25:00",557,12.73,6.744,0.086,0.005144334,101.8,6.139,62.3,0,1.744,333.5,-4.59,2.635,268.3,369.8,279.9,-0.575
"2018-04-05 23:26:00",558,12.73,6.725,0.1,0.006001721,101.8,6.091,67.07,0,1.865,331.3,-4.603,2.658,268.3,369.5,279.9,-0.578
"2018-04-05 23:27:00",559,12.73,6.706,0.086,0.005144331,101.8,6.158,64.1,0,1.921,334.7,-4.514,2.681,268.5,369.6,279.9,-0.594
"2018-04-05 23:28:00",560,12.72,6.687,0.1,0.006001718,101.8,6.151,65.56,0,2.117,337.7,-4.467,2.621,268.6,369.3,279.8,-0.588
"2018-04-05 23:29:00",561,12.72,6.671,0.093,0.005573024,101.8,6.125,64.9,0,2.295,341.1,-4.489,2.535,268.9,369.2,279.8,-0.565
"2018-04-05 23:30:00",562,12.72,6.652,0.107,0.006430389,101.8,6.111,66.57,0,1.998,344.9,-4.435,2.595,269,369.1,279.8,-0.585
"2018-04-05 23:31:00",563,12.72,6.633,0.086,0.00514431,101.8,6.043,65.44,0,2.648,333.9,-4.438,2.492,269.2,368.7,279.8,-0.562
"2018-04-05 23:32:00",564,12.72,6.615,0.1,0.006001712,101.8,5.943,67.07,0,2.765,345.1,-4.239,2.506,269.3,368.8,279.8,-0.593
"2018-04-05 23:33:00",565,12.72,6.596,0.1,0.006001734,101.8,6.005,65.13,0,2.475,322.7,-4.198,2.506,269.6,369.1,279.8,-0.597
"2018-04-05 23:34:00",566,12.72,6.579,0.107,0.00643045,101.9,5.963,64.62,0,2.352,327.7,-4.245,2.509,269.8,369.1,279.7,-0.592
"2018-04-05 23:35:00",567,12.72,6.56,0.107,0.006430461,101.9,6.075,68.17,0,2.016,0.082,-4.014,2.757,269.4,369.1,279.7,-0.688
"2018-04-05 23:36:00",568,12.72,6.547,0.086,0.005144362,101.9,5.998,61.35,0,1.673,349.9,-4.264,2.75,269,369.2,279.7,-0.646
"2018-04-05 23:37:00",569,12.72,6.528,0.121,0.007287864,101.9,5.947,63.4,0,1.704,351.3,-4.486,2.658,269,369.1,279.7,-0.593
"2018-04-05 23:38:00",570,12.72,6.512,0.086,0.005144366,101.8,5.925,60,0,1.935,342.7,-4.517,2.625,269.3,369,279.7,-0.581
"2018-04-05 23:39:00",571,12.72,6.496,0.093,0.005573056,101.8,5.955,62.52,0,2.143,337.9,-4.546,2.466,269.4,368.6,279.7,-0.543
"2018-04-05 23:40:00",572,12.72,6.482,0.107,0.006430459,101.8,6.011,59.19,0,2.21,348.2,-4.435,2.539,269.2,368.5,279.6,-0.573
"2018-04-05 23:41:00",573,12.72,6.466,0.093,0.005573064,101.8,5.973,58.7,0,2.084,353.1,-4.381,2.479,268.8,368.5,279.6,-0.566
"2018-04-05 23:42:00",574,12.72,6.45,0.107,0.00643045,101.8,6.079,66.7,0,2.076,331.6,-4.356,2.608,268.5,368.5,279.6,-0.6
"2018-04-05 23:43:00",575,12.72,6.434,0.1,0.006001752,101.8,6.03,63.33,0,2.076,329.3,-4.264,2.704,268.7,368.2,279.6,-0.635
"2018-04-05 23:44:00",576,12.71,6.42,0.093,0.005573071,101.8,5.681,61.74,0,2.416,334,-4.54,2.271,269.1,368,279.6,-0.501
"2018-04-05 23:45:00",577,12.71,6.404,0.114,0.006859178,101.8,5.411,61.66,0,2.507,326.3,-4.704,1.937,269.2,368.3,279.6,-0.412
