"TOA5","5318","CR300","5318","CR310.Std.08.01","CPU:CR310_20190422.CR300","472","FCRWeir"
"TIMESTAMP","RECORD","BattV","PTemp_C","AirTemp_C","Lvl_psi","wtr_weir"
"TS","RN","Volts","Deg C","Deg C","psi","deg C"
"","","Smp","Smp","Smp","Smp","Smp"
"2019-11-08 08:15:00",19161,12.4,5.114,4.31,0.209,6.313
"2019-11-08 08:30:00",19162,12.49,3.68,2.795,0.21,6.2
"2019-11-08 08:45:00",19163,12.39,3.288,2.713,0.209,6.143
"2019-11-08 09:00:00",19164,12.3,2.975,2.537,0.209,6.109
"2019-11-08 09:15:00",19165,12.43,2.996,2.661,0.209,6.097
"2019-11-08 09:30:00",19166,12.31,2.839,2.532,0.209,6.054
"2019-11-08 09:45:00",19167,12.49,2.908,2.621,0.209,5.995
"2019-11-08 10:00:00",19168,12.3,3.103,2.827,0.209,6.015
"2019-11-08 10:15:00",19169,12.29,3.327,3.092,0.209,6.069
"2019-11-08 10:30:00",19170,12.49,3.817,3.667,0.209,6.097
"2019-11-08 10:45:00",19171,12.49,4.185,3.89,0.209,6.129
"2019-11-08 11:00:00",19172,12.3,4.472,4.176,0.209,6.223
"2019-11-08 11:15:00",19173,12.49,4.79,4.467,0.209,6.247
"2019-11-08 11:30:00",19174,12.49,4.916,4.552,0.209,6.288
"2019-11-08 11:45:00",19175,12.29,5.039,4.651,0.209,6.375
"2019-11-08 12:00:00",19176,12.48,5.158,4.774,0.209,6.482
"2019-11-08 12:15:00",19177,12.49,5.294,4.896,0.208,6.574
"2019-11-08 12:30:00",19178,12.49,5.534,5.17,0.209,6.733
"2019-11-08 12:45:00",19179,12.37,5.842,5.454,0.209,6.807
"2019-11-08 13:00:00",19180,12.42,6.126,5.712,0.209,6.791
"2019-11-08 13:15:00",19181,12.36,6.299,5.878,0.209,6.833
"2019-11-08 13:30:00",19182,12.49,6.422,5.953,0.209,6.868
"2019-11-08 13:45:00",19183,12.3,6.486,6.04,0.209,6.946
"2019-11-08 14:00:00",19184,12.43,6.502,6.079,0.209,6.944
"2019-11-08 14:15:00",19185,12.49,6.503,6.066,0.208,6.927
"2019-11-08 14:30:00",19186,12.37,6.684,6.36,0.209,6.929
"2019-11-08 14:45:00",19187,12.49,6.73,6.275,0.208,6.872
"2019-11-08 15:00:00",19188,12.48,6.625,6.171,0.208,6.828
"2019-11-08 15:15:00",19189,12.48,6.573,6.116,0.209,6.77
"2019-11-08 15:30:00",19190,12.29,6.463,6.009,0.208,6.704
"2019-11-08 15:45:00",19191,12.29,6.442,6.023,0.209,6.667
"2019-11-08 16:00:00",19192,12.29,6.38,5.948,0.209,6.637
"2019-11-08 16:15:00",19193,12.35,6.401,5.966,0.208,6.589
"2019-11-08 16:30:00",19194,12.41,6.342,6.017,0.209,6.512
"2019-11-08 16:45:00",19195,12.37,5.959,5.676,0.208,6.434
"2019-11-08 17:00:00",19196,12.33,5.695,5.427,0.208,6.357
"2019-11-08 17:15:00",19197,12.33,5.073,4.819,0.209,6.265
"2019-11-08 17:30:00",19198,12.32,4.681,4.469,0.208,6.178
"2019-11-08 17:45:00",19199,12.42,4.34,4.101,0.208,6.105
"2019-11-08 18:00:00",19200,12.3,3.913,3.673,0.209,6.022
"2019-11-08 18:15:00",19201,12.42,3.488,3.249,0.209,5.928
"2019-11-08 18:30:00",19202,12.32,3.11,2.901,0.209,5.852
"2019-11-08 18:45:00",19203,12.33,2.734,2.508,0.209,5.742
"2019-11-08 19:00:00",19204,12.39,2.366,2.194,0.209,5.667
"2019-11-08 19:15:00",19205,12.36,2.217,2.098,0.209,5.647
"2019-11-08 19:30:00",19206,12.33,2.203,2.116,0.209,5.563
"2019-11-08 19:45:00",19207,12.41,2.218,2.121,0.209,5.514
"2019-11-08 20:00:00",19208,12.34,2.184,2.083,0.209,5.48
"2019-11-08 20:15:00",19209,12.34,2.151,2.049,0.208,5.436
"2019-11-08 20:30:00",19210,12.39,2.113,1.996,0.209,5.38
"2019-11-08 20:45:00",19211,12.41,1.976,1.82,0.209,5.347
"2019-11-08 21:00:00",19212,12.32,1.773,1.602,0.209,5.282
"2019-11-08 21:15:00",19213,12.42,1.727,1.584,0.209,5.205
"2019-11-08 21:30:00",19214,12.38,1.627,1.514,0.209,5.218
"2019-11-08 21:45:00",19215,12.33,1.456,1.349,0.209,5.184
"2019-11-08 22:00:00",19216,12.4,1.396,1.285,0.208,5.155
"2019-11-08 22:15:00",19217,12.41,1.334,1.221,0.208,5.066
"2019-11-08 22:30:00",19218,12.31,1.29,1.179,0.208,4.986
"2019-11-08 22:45:00",19219,12.4,1.229,1.105,0.208,4.927
"2019-11-08 23:00:00",19220,12.4,1.14,1.008,0.207,4.992
"2019-11-08 23:15:00",19221,12.38,0.995,0.849,0.208,4.932
"2019-11-08 23:30:00",19222,12.4,0.826,0.683,0.208,4.826
"2019-11-08 23:45:00",19223,12.39,0.663,0.516,0.208,4.869
"2019-11-09 00:00:00",19224,12.33,0.497,0.367,0.208,4.818
"2019-11-09 00:15:00",19225,12.31,0.35,0.202,0.207,4.772
"2019-11-09 00:30:00",19226,12.4,0.329,0.18,0.208,4.721
"2019-11-09 00:45:00",19227,12.35,-0.02,-0.17,0.208,4.658
"2019-11-09 01:00:00",19228,12.39,-0.225,-0.365,0.208,4.606
"2019-11-09 01:15:00",19229,12.32,-0.411,-0.538,0.208,4.547
"2019-11-09 01:30:00",19230,12.37,-0.579,-0.702,0.208,4.492
"2019-11-09 01:45:00",19231,12.39,-0.734,-0.872,0.208,4.438
"2019-11-09 02:00:00",19232,12.35,-0.892,-1.021,0.208,4.38
"2019-11-09 02:15:00",19233,12.41,-1.034,-1.143,0.208,4.333
"2019-11-09 02:30:00",19234,12.3,-1.019,-1.134,0.208,4.279
"2019-11-09 02:45:00",19235,12.32,-1.135,-1.253,0.208,4.214
"2019-11-09 03:00:00",19236,12.34,-1.413,-1.531,0.208,4.156
"2019-11-09 03:15:00",19237,12.37,-1.529,-1.627,0.208,4.124
"2019-11-09 03:30:00",19238,12.37,-1.583,-1.667,0.208,4.063
"2019-11-09 03:45:00",19239,12.32,-1.678,-1.775,0.208,3.999
"2019-11-09 04:00:00",19240,12.37,-1.789,-1.899,0.209,3.935
"2019-11-09 04:15:00",19241,12.33,-1.892,-2,0.209,3.868
"2019-11-09 04:30:00",19242,12.34,-1.986,-2.063,0.208,3.843
"2019-11-09 04:45:00",19243,12.33,-2.072,-2.175,0.208,3.784
"2019-11-09 05:00:00",19244,12.33,-2.151,-2.238,0.208,3.744
"2019-11-09 05:15:00",19245,12.36,-2.25,-2.331,0.208,3.696
"2019-11-09 05:30:00",19246,12.28,-2.313,-2.396,0.208,3.673
"2019-11-09 05:45:00",19247,12.36,-2.377,-2.453,0.208,3.605
"2019-11-09 06:00:00",19248,12.37,-2.408,-2.463,0.208,3.554
"2019-11-09 06:15:00",19249,12.42,-2.453,-2.528,0.208,3.514
"2019-11-09 06:30:00",19250,12.37,-2.368,-2.429,0.208,3.462
"2019-11-09 06:45:00",19251,12.34,-2.516,-2.557,0.208,3.439
"2019-11-09 07:00:00",19252,12.34,-2.425,-2.483,0.208,3.389
"2019-11-09 07:15:00",19253,12.37,-2.488,-2.542,0.208,3.367
"2019-11-09 07:30:00",19254,12.35,-2.434,-2.449,0.208,3.344
"2019-11-09 07:45:00",19255,12.32,-2.463,-2.477,0.208,3.297
"2019-11-09 08:00:00",19256,12.3,-2.29,-2.232,0.208,3.306
"2019-11-09 08:15:00",19257,12.38,-1.897,-1.778,0.208,3.359
"2019-11-09 08:30:00",19258,12.4,-1.369,-1.213,0.208,3.461
"2019-11-09 08:45:00",19259,12.4,-0.751,-0.604,0.208,3.506
"2019-11-09 09:00:00",19260,12.32,-0.05,0.11,0.208,3.646
"2019-11-09 09:15:00",19261,12.33,0.635,0.712,0.208,3.76
"2019-11-09 09:30:00",19262,12.4,1.192,1.225,0.207,3.855
"2019-11-09 09:45:00",19263,12.4,1.584,1.529,0.208,3.904
"2019-11-09 10:00:00",19264,12.39,1.883,1.831,0.208,3.988
"2019-11-09 10:15:00",19265,12.34,2.242,2.231,0.208,4.121
"2019-11-09 10:30:00",19266,12.35,2.649,2.575,0.208,4.27
"2019-11-09 10:45:00",19267,12.38,3.042,2.985,0.208,4.404
"2019-11-09 11:00:00",19268,12.29,3.373,3.253,0.208,4.525
"2019-11-09 11:15:00",19269,12.39,3.645,3.511,0.208,4.666
"2019-11-09 11:30:00",19270,12.39,3.921,3.772,0.208,4.813
"2019-11-09 11:45:00",19271,12.3,4.187,4.024,0.209,4.931
"2019-11-09 12:00:00",19272,12.32,4.568,4.43,0.208,5.119
"2019-11-09 12:15:00",19273,12.38,4.846,4.632,0.208,5.18
"2019-11-09 12:30:00",19274,12.4,5.01,4.74,0.208,5.327
"2019-11-09 12:45:00",19275,12.36,5.24,4.968,0.209,5.428
"2019-11-09 13:00:00",19276,12.4,5.585,5.321,0.209,5.568
"2019-11-09 13:15:00",19277,12.38,5.939,5.659,0.208,5.67
"2019-11-09 13:30:00",19278,12.33,6.108,5.799,0.208,5.753
"2019-11-09 13:45:00",19279,12.32,6.194,5.821,0.209,5.871
"2019-11-09 14:00:00",19280,12.37,6.139,5.791,0.209,5.91
"2019-11-09 14:15:00",19281,12.38,6.188,5.865,0.208,5.963
"2019-11-09 14:30:00",19282,12.38,6.328,6.091,0.209,5.983
"2019-11-09 14:45:00",19283,12.4,6.487,6.194,0.209,5.972
"2019-11-09 15:00:00",19284,12.33,6.411,6.042,0.209,5.865
"2019-11-09 15:15:00",19285,12.31,6.21,5.885,0.209,5.816
"2019-11-09 15:30:00",19286,12.33,6.167,5.892,0.209,5.799
"2019-11-09 15:45:00",19287,12.3,6.243,5.973,0.209,5.805
"2019-11-09 16:00:00",19288,12.4,6.238,5.916,0.209,5.807
"2019-11-09 16:15:00",19289,12.37,6.13,5.802,0.209,5.759
"2019-11-09 16:30:00",19290,12.3,5.991,5.688,0.209,5.673
"2019-11-09 16:45:00",19291,12.4,5.787,5.436,0.209,5.665
"2019-11-09 17:00:00",19292,12.35,5.526,5.171,0.209,5.614
"2019-11-09 17:15:00",19293,12.3,5.026,4.674,0.209,5.543
"2019-11-09 17:30:00",19294,12.34,4.537,4.219,0.209,5.474
"2019-11-09 17:45:00",19295,12.34,4.144,3.861,0.209,5.396
"2019-11-09 18:00:00",19296,12.3,3.728,3.465,0.209,5.329
"2019-11-09 18:15:00",19297,12.29,3.382,3.154,0.209,5.272
"2019-11-09 18:30:00",19298,12.35,3.111,2.908,0.209,5.211
"2019-11-09 18:45:00",19299,12.35,3.014,2.811,0.209,5.164
"2019-11-09 19:00:00",19300,12.33,2.656,2.466,0.209,5.113
"2019-11-09 19:15:00",19301,12.39,2.465,2.279,0.209,5.065
"2019-11-09 19:30:00",19302,12.36,2.288,2.115,0.209,5.016
"2019-11-09 19:45:00",19303,12.35,2.119,1.942,0.209,4.968
"2019-11-09 20:00:00",19304,12.37,1.929,1.753,0.209,4.914
"2019-11-09 20:15:00",19305,12.28,1.757,1.584,0.209,4.864
"2019-11-09 20:30:00",19306,12.38,1.6,1.44,0.209,4.81
"2019-11-09 20:45:00",19307,12.32,1.435,1.264,0.209,4.767
"2019-11-09 21:00:00",19308,12.33,1.288,1.142,0.209,4.709
"2019-11-09 21:15:00",19309,12.31,1.149,1.007,0.209,4.644
"2019-11-09 21:30:00",19310,12.29,1.057,0.91,0.209,4.61
"2019-11-09 21:45:00",19311,12.39,0.965,0.837,0.209,4.536
"2019-11-09 22:00:00",19312,12.28,0.885,0.758,0.209,4.527
"2019-11-09 22:15:00",19313,12.3,0.814,0.669,0.209,4.491
"2019-11-09 22:30:00",19314,12.33,0.744,0.599,0.209,4.479
"2019-11-09 22:45:00",19315,12.38,0.683,0.557,0.209,4.462
"2019-11-09 23:00:00",19316,12.35,0.613,0.488,0.209,4.428
"2019-11-09 23:15:00",19317,12.32,0.563,0.432,0.209,4.399
"2019-11-09 23:30:00",19318,12.37,0.53,0.423,0.209,4.369
"2019-11-09 23:45:00",19319,12.3,0.52,0.413,0.208,4.339
"2019-11-10 00:00:00",19320,12.29,0.469,0.339,0.209,4.326
"2019-11-10 00:15:00",19321,12.36,0.446,0.352,0.209,4.294
"2019-11-10 00:30:00",19322,12.35,0.455,0.37,0.209,4.286
"2019-11-10 00:45:00",19323,12.33,0.539,0.471,0.209,4.294
"2019-11-10 01:00:00",19324,12.27,0.65,0.586,0.209,4.306
"2019-11-10 01:15:00",19325,12.35,0.759,0.67,0.209,4.294
"2019-11-10 01:30:00",19326,12.38,0.811,0.703,0.209,4.283
"2019-11-10 01:45:00",19327,12.39,0.802,0.669,0.209,4.255
"2019-11-10 02:00:00",19328,12.4,0.765,0.659,0.21,4.232
"2019-11-10 02:15:00",19329,12.33,0.757,0.625,0.209,4.2
"2019-11-10 02:30:00",19330,12.34,0.772,0.712,0.209,4.203
"2019-11-10 02:45:00",19331,12.32,1.051,1.06,0.209,4.186
"2019-11-10 03:00:00",19332,12.28,1.421,1.408,0.209,4.184
"2019-11-10 03:15:00",19333,12.38,1.797,1.85,0.209,4.231
"2019-11-10 03:30:00",19334,12.28,2.671,2.87,0.209,4.326
"2019-11-10 03:45:00",19335,12.32,3.525,3.581,0.21,4.372
"2019-11-10 04:00:00",19336,12.26,4.082,4.053,0.209,4.378
"2019-11-10 04:15:00",19337,12.29,4.471,4.377,0.209,4.421
"2019-11-10 04:30:00",19338,12.33,4.758,4.619,0.209,4.499
"2019-11-10 04:45:00",19339,12.36,5.08,4.979,0.209,4.535
"2019-11-10 05:00:00",19340,12.28,5.402,5.252,0.209,4.598
"2019-11-10 05:15:00",19341,12.39,5.583,5.4,0.209,4.623
"2019-11-10 05:30:00",19342,12.31,5.651,5.446,0.209,4.594
"2019-11-10 05:45:00",19343,12.36,5.737,5.557,0.209,4.595
"2019-11-10 06:00:00",19344,12.31,5.838,5.626,0.209,4.647
"2019-11-10 06:15:00",19345,12.39,5.809,5.579,0.209,4.67
"2019-11-10 06:30:00",19346,12.31,5.811,5.607,0.209,4.695
"2019-11-10 06:45:00",19347,12.34,5.909,5.744,0.209,4.681
"2019-11-10 07:00:00",19348,12.38,6.135,6.017,0.209,4.709
"2019-11-10 07:15:00",19349,12.32,6.273,6.11,0.209,4.748
"2019-11-10 07:30:00",19350,12.34,6.424,6.266,0.209,4.753
"2019-11-10 07:45:00",19351,12.35,6.575,6.423,0.209,4.724
"2019-11-10 08:00:00",19352,12.29,6.696,6.529,0.209,4.77
"2019-11-10 08:15:00",19353,12.3,6.779,6.595,0.209,4.857
"2019-11-10 08:30:00",19354,12.3,6.838,6.674,0.209,4.865
"2019-11-10 08:45:00",19355,12.33,7.009,6.873,0.209,4.968
"2019-11-10 09:00:00",19356,12.32,7.313,7.214,0.209,5.028
"2019-11-10 09:15:00",19357,12.37,7.584,7.419,0.209,5.155
"2019-11-10 09:30:00",19358,12.32,7.772,7.588,0.209,5.254
"2019-11-10 09:45:00",19359,12.39,8.13,8.03,0.21,5.35
"2019-11-10 10:00:00",19360,12.33,8.56,8.51,0.209,5.468
"2019-11-10 10:15:00",19361,12.3,9.23,9.28,0.21,5.626
"2019-11-10 10:30:00",19362,12.4,10.06,10.11,0.21,5.788
"2019-11-10 10:45:00",19363,12.3,10.73,10.69,0.209,5.956
"2019-11-10 11:00:00",19364,12.37,11.38,11.4,0.209,6.187
"2019-11-10 11:15:00",19365,12.35,12.06,11.94,0.21,6.373
"2019-11-10 11:30:00",19366,12.38,12.39,12.24,0.209,6.539
"2019-11-10 11:45:00",19367,12.33,12.74,12.57,0.21,6.716
"2019-11-10 12:00:00",19368,12.33,13.12,13,0.21,6.873
"2019-11-10 12:15:00",19369,12.31,13.66,13.61,0.21,7.097
"2019-11-10 12:30:00",19370,12.31,14.42,14.46,0.21,7.416
"2019-11-10 12:45:00",19371,12.39,15.13,15.03,0.21,7.734
"2019-11-10 13:00:00",19372,12.37,15.74,15.61,0.21,7.989
"2019-11-10 13:15:00",19373,12.33,16.33,16.16,0.21,8.19
"2019-11-10 13:30:00",19374,12.28,16.75,16.47,0.21,8.28
"2019-11-10 13:45:00",19375,12.28,16.94,16.59,0.21,8.36
"2019-11-10 14:00:00",19376,12.35,17.03,16.71,0.21,8.42
"2019-11-10 14:15:00",19377,12.37,17.12,16.8,0.21,8.51
"2019-11-10 14:30:00",19378,12.41,17.39,17.22,0.21,8.59
"2019-11-10 14:45:00",19379,12.32,17.59,17.28,0.21,8.65
"2019-11-10 15:00:00",19380,12.3,17.63,17.33,0.21,8.67
"2019-11-10 15:15:00",19381,12.3,17.61,17.26,0.21,8.65
"2019-11-10 15:30:00",19382,12.37,17.51,17.16,0.21,8.65
"2019-11-10 15:45:00",19383,12.3,17.47,17.16,0.21,8.64
"2019-11-10 16:00:00",19384,12.4,17.32,16.97,0.21,8.63
"2019-11-10 16:15:00",19385,12.37,17.1,16.7,0.21,8.61
"2019-11-10 16:30:00",19386,12.29,16.59,16.13,0.21,8.57
"2019-11-10 16:45:00",19387,12.38,15.81,15.31,0.21,8.5
"2019-11-10 17:00:00",19388,12.3,14.95,14.5,0.21,8.43
"2019-11-10 17:15:00",19389,12.28,14.2,13.83,0.21,8.37
"2019-11-10 17:30:00",19390,12.36,13.6,13.26,0.21,8.3
"2019-11-10 17:45:00",19391,12.4,12.96,12.63,0.21,8.23
"2019-11-10 18:00:00",19392,12.3,12.48,12.19,0.21,8.16
"2019-11-10 18:15:00",19393,12.38,11.8,11.54,0.21,8.09
"2019-11-10 18:30:00",19394,12.29,11.34,11.1,0.21,8.01
"2019-11-10 18:45:00",19395,12.32,11.1,10.89,0.21,7.953
"2019-11-10 19:00:00",19396,12.32,10.61,10.42,0.209,7.89
"2019-11-10 19:15:00",19397,12.32,10.3,10.12,0.21,7.848
"2019-11-10 19:30:00",19398,12.32,10.02,9.85,0.21,7.794
"2019-11-10 19:45:00",19399,12.35,9.77,9.61,0.21,7.722
"2019-11-10 20:00:00",19400,12.36,9.56,9.38,0.21,7.683
"2019-11-10 20:15:00",19401,12.32,9.31,9.15,0.21,7.624
"2019-11-10 20:30:00",19402,12.3,9.08,8.92,0.21,7.568
"2019-11-10 20:45:00",19403,12.37,8.86,8.71,0.21,7.524
"2019-11-10 21:00:00",19404,12.3,8.64,8.51,0.209,7.489
"2019-11-10 21:15:00",19405,12.39,8.48,8.36,0.209,7.445
"2019-11-10 21:30:00",19406,12.3,8.47,8.34,0.21,7.409
"2019-11-10 21:45:00",19407,12.36,8.23,8.1,0.209,7.38
"2019-11-10 22:00:00",19408,12.29,8.07,7.947,0.21,7.34
"2019-11-10 22:15:00",19409,12.3,7.942,7.829,0.209,7.307
"2019-11-10 22:30:00",19410,12.41,7.824,7.717,0.209,7.27
"2019-11-10 22:45:00",19411,12.33,7.728,7.626,0.209,7.234
"2019-11-10 23:00:00",19412,12.4,7.646,7.546,0.209,7.198
"2019-11-10 23:15:00",19413,12.33,7.584,7.484,0.209,7.171
"2019-11-10 23:30:00",19414,12.4,7.575,7.49,0.21,7.136
"2019-11-10 23:45:00",19415,12.41,7.601,7.516,0.209,7.055
"2019-11-11 00:00:00",19416,12.4,7.728,7.747,0.209,7.06
"2019-11-11 00:15:00",19417,12.33,8.15,8.28,0.21,7.052
"2019-11-11 00:30:00",19418,12.35,9,9.31,0.21,7.108
"2019-11-11 00:45:00",19419,12.41,10.23,10.48,0.209,7.18
"2019-11-11 01:00:00",19420,12.35,10.86,10.8,0.209,7.178
"2019-11-11 01:15:00",19421,12.36,11.01,10.93,0.209,7.223
"2019-11-11 01:30:00",19422,12.38,11.19,11.04,0.209,7.233
"2019-11-11 01:45:00",19423,12.39,11.01,10.75,0.209,7.217
"2019-11-11 02:00:00",19424,12.33,10.79,10.61,0.21,7.222
"2019-11-11 02:15:00",19425,12.29,10.58,10.39,0.209,7.226
"2019-11-11 02:30:00",19426,12.27,10.63,10.52,0.209,7.252
"2019-11-11 02:45:00",19427,12.29,10.76,10.66,0.209,7.267
"2019-11-11 03:00:00",19428,12.35,10.93,10.88,0.209,7.286
"2019-11-11 03:15:00",19429,12.39,11.08,10.92,0.21,7.246
"2019-11-11 03:30:00",19430,12.32,10.77,10.55,0.21,7.256
"2019-11-11 03:45:00",19431,12.4,10.81,10.71,0.21,7.231
"2019-11-11 04:00:00",19432,12.4,10.59,10.36,0.209,7.245
"2019-11-11 04:15:00",19433,12.31,10.57,10.41,0.21,7.193
"2019-11-11 04:30:00",19434,12.4,10.32,10.07,0.209,7.237
"2019-11-11 04:45:00",19435,12.38,9.86,9.62,0.21,7.186
"2019-11-11 05:00:00",19436,12.32,9.47,9.24,0.21,7.135
"2019-11-11 05:15:00",19437,12.4,9.12,8.91,0.21,7.109
"2019-11-11 05:30:00",19438,12.29,8.85,8.68,0.21,7.109
"2019-11-11 05:45:00",19439,12.41,8.65,8.49,0.21,7.089
"2019-11-11 06:00:00",19440,12.33,8.49,8.35,0.21,7.054
"2019-11-11 06:15:00",19441,12.3,8.53,8.41,0.21,7.03
"2019-11-11 06:30:00",19442,12.41,8.38,8.27,0.21,6.996
"2019-11-11 06:45:00",19443,12.39,8.49,8.38,0.21,6.997
"2019-11-11 07:00:00",19444,12.38,8.49,8.37,0.209,6.922
"2019-11-11 07:15:00",19445,12.3,8.5,8.41,0.21,6.854
"2019-11-11 07:30:00",19446,12.33,8.44,8.38,0.21,6.895
"2019-11-11 07:45:00",19447,12.31,8.62,8.58,0.21,6.94
"2019-11-11 08:00:00",19448,12.4,8.88,8.86,0.21,7.047
"2019-11-11 08:15:00",19449,12.29,9.22,9.2,0.21,7.083
"2019-11-11 08:30:00",19450,12.35,9.57,9.55,0.209,7.139
"2019-11-11 08:45:00",19451,12.33,9.99,9.98,0.209,7.275
"2019-11-11 09:00:00",19452,12.32,10.44,10.45,0.209,7.355
"2019-11-11 09:15:00",19453,12.3,10.96,10.96,0.209,7.505
"2019-11-11 09:30:00",19454,12.33,11.47,11.44,0.209,7.663
"2019-11-11 09:45:00",19455,12.32,11.94,11.88,0.21,7.742
"2019-11-11 10:00:00",19456,12.4,12.38,12.34,0.21,7.842
"2019-11-11 10:15:00",19457,12.39,12.95,12.9,0.21,7.99
"2019-11-11 10:30:00",19458,12.33,13.62,13.61,0.21,8.13
"2019-11-11 10:45:00",19459,12.37,14.29,14.25,0.209,8.27
"2019-11-11 11:00:00",19460,12.37,14.86,14.8,0.21,8.45
"2019-11-11 11:15:00",19461,12.3,15.46,15.35,0.209,8.59
"2019-11-11 11:30:00",19462,12.39,15.84,15.68,0.209,8.72
"2019-11-11 11:45:00",19463,12.41,16.23,16.08,0.21,8.86
"2019-11-11 12:00:00",19464,12.31,16.73,16.62,0.21,9.01
"2019-11-11 12:15:00",19465,12.3,17.2,17.07,0.21,9.21
"2019-11-11 12:30:00",19466,12.38,17.76,17.69,0.209,9.47
"2019-11-11 12:45:00",19467,12.37,18.32,18.19,0.21,9.71
"2019-11-11 13:00:00",19468,12.39,18.86,18.67,0.209,9.88
"2019-11-11 13:15:00",19469,12.32,19.3,19.05,0.21,10
"2019-11-11 13:30:00",19470,12.3,19.56,19.2,0.209,10.14
"2019-11-11 13:45:00",19471,12.35,19.51,19.07,0.21,10.22
"2019-11-11 14:00:00",19472,12.31,19.32,18.93,0.21,10.27
"2019-11-11 14:15:00",19473,12.33,19.25,18.91,0.21,10.3
"2019-11-11 14:30:00",19474,12.37,19.33,19.11,0.21,10.34
"2019-11-11 14:45:00",19475,12.31,19.42,19.08,0.21,10.37
"2019-11-11 15:00:00",19476,12.3,19.46,19.21,0.21,10.38
"2019-11-11 15:15:00",19477,12.29,19.44,19.14,0.21,10.35
"2019-11-11 15:30:00",19478,12.37,19.39,19.1,0.21,10.32
"2019-11-11 15:45:00",19479,12.41,19.34,19.06,0.21,10.3
"2019-11-11 16:00:00",19480,12.33,19.28,18.99,0.21,10.24
"2019-11-11 16:15:00",19481,12.38,19.11,18.77,0.209,10.18
"2019-11-11 16:30:00",19482,12.39,18.72,18.34,0.209,10.07
"2019-11-11 16:45:00",19483,12.3,18.2,17.85,0.21,10.01
"2019-11-11 17:00:00",19484,12.29,17.89,17.59,0.21,9.97
"2019-11-11 17:15:00",19485,12.3,17.26,16.93,0.209,9.87
"2019-11-11 17:30:00",19486,12.38,16.6,16.22,0.21,9.78
"2019-11-11 17:45:00",19487,12.39,15.79,15.41,0.21,9.68
"2019-11-11 18:00:00",19488,12.37,15.23,14.92,0.21,9.61
"2019-11-11 18:15:00",19489,12.41,14.53,14.24,0.21,9.54
"2019-11-11 18:30:00",19490,12.4,14.05,13.86,0.21,9.49
"2019-11-11 18:45:00",19491,12.34,13.92,13.83,0.21,9.48
"2019-11-11 19:00:00",19492,12.31,13.98,13.95,0.209,9.45
"2019-11-11 19:15:00",19493,12.38,14.16,14.13,0.209,9.44
"2019-11-11 19:30:00",19494,12.42,14.22,14.13,0.209,9.41
"2019-11-11 19:45:00",19495,12.3,14.14,14,0.21,9.39
"2019-11-11 20:00:00",19496,12.38,14.01,13.89,0.209,9.36
"2019-11-11 20:15:00",19497,12.3,13.94,13.81,0.21,9.34
"2019-11-11 20:30:00",19498,12.4,13.79,13.65,0.21,9.3
"2019-11-11 20:45:00",19499,12.29,13.61,13.46,0.209,9.29
"2019-11-11 21:00:00",19500,12.33,13.37,13.21,0.21,9.25
"2019-11-11 21:15:00",19501,12.32,13.12,12.93,0.21,9.21
"2019-11-11 21:30:00",19502,12.35,12.98,12.89,0.21,9.19
"2019-11-11 21:45:00",19503,12.34,13,12.92,0.21,9.19
"2019-11-11 22:00:00",19504,12.37,13,12.92,0.21,9.19
"2019-11-11 22:15:00",19505,12.29,13.03,12.94,0.21,9.2
"2019-11-11 22:30:00",19506,12.41,13.05,12.97,0.21,9.21
"2019-11-11 22:45:00",19507,12.32,13.14,13.07,0.21,9.21
"2019-11-11 23:00:00",19508,12.3,13.47,13.58,0.21,9.23
"2019-11-11 23:15:00",19509,12.42,14.06,14.1,0.21,9.25
"2019-11-11 23:30:00",19510,12.31,14.43,14.39,0.21,9.26
"2019-11-11 23:45:00",19511,12.41,14.64,14.52,0.21,9.28
"2019-11-12 00:00:00",19512,12.32,14.71,14.6,0.21,9.29
"2019-11-12 00:15:00",19513,12.4,14.69,14.43,0.21,9.3
"2019-11-12 00:30:00",19514,12.39,14.31,13.99,0.21,9.3
"2019-11-12 00:45:00",19515,12.32,13.97,13.82,0.21,9.3
"2019-11-12 01:00:00",19516,12.36,13.81,13.53,0.21,9.3
"2019-11-12 01:15:00",19517,12.29,13.65,13.41,0.21,9.3
"2019-11-12 01:30:00",19518,12.29,13.58,13.47,0.21,9.29
"2019-11-12 01:45:00",19519,12.34,13.63,13.54,0.21,9.29
"2019-11-12 02:00:00",19520,12.31,13.66,13.42,0.21,9.29
"2019-11-12 02:15:00",19521,12.37,13.4,13.11,0.21,9.29
"2019-11-12 02:30:00",19522,12.4,13.24,13.03,0.21,9.3
"2019-11-12 02:45:00",19523,12.39,13.12,12.89,0.21,9.3
"2019-11-12 03:00:00",19524,12.32,12.86,12.63,0.21,9.3
"2019-11-12 03:15:00",19525,12.3,12.51,12.28,0.21,9.3
"2019-11-12 03:30:00",19526,12.34,12.24,12.06,0.21,9.29
"2019-11-12 03:45:00",19527,12.33,12.08,11.92,0.21,9.29
"2019-11-12 04:00:00",19528,12.34,11.99,11.87,0.211,9.29
"2019-11-12 04:15:00",19529,12.3,11.97,11.85,0.211,9.29
"2019-11-12 04:30:00",19530,12.34,11.88,11.65,0.211,9.27
"2019-11-12 04:45:00",19531,12.41,11.47,11.23,0.211,9.18
"2019-11-12 05:00:00",19532,12.36,11.1,10.93,0.211,9.09
"2019-11-12 05:15:00",19533,12.36,10.9,10.73,0.211,9.02
"2019-11-12 05:30:00",19534,12.37,10.67,10.52,0.211,8.97
"2019-11-12 05:45:00",19535,12.3,10.44,10.27,0.211,8.9
"2019-11-12 06:00:00",19536,12.31,10.16,9.98,0.211,8.84
"2019-11-12 06:15:00",19537,12.3,9.85,9.66,0.211,8.75
"2019-11-12 06:30:00",19538,12.35,9.46,9.22,0.212,8.64
"2019-11-12 06:45:00",19539,12.27,8.92,8.67,0.211,8.52
"2019-11-12 07:00:00",19540,12.3,8.41,8.11,0.211,8.31
"2019-11-12 07:15:00",19541,12.3,7.571,7.247,0.211,8.14
"2019-11-12 07:30:00",19542,12.36,6.935,6.615,0.211,7.952
"2019-11-12 07:45:00",19543,12.39,6.262,5.943,0.21,7.716
"2019-11-12 08:00:00",19544,12.35,5.752,5.516,0.209,7.586
"2019-11-12 08:15:00",19545,12.29,5.343,5.127,0.209,7.472
"2019-11-12 08:30:00",19546,12.3,4.938,4.749,0.21,7.365
"2019-11-12 08:45:00",19547,12.36,4.617,4.466,0.209,7.27
"2019-11-12 09:00:00",19548,12.39,4.365,4.209,0.209,7.149
"2019-11-12 09:15:00",19549,12.3,4.018,3.867,0.209,6.953
"2019-11-12 09:30:00",19550,12.32,3.757,3.647,0.209,6.918
"2019-11-12 09:45:00",19551,12.38,3.703,3.626,0.209,6.848
"2019-11-12 10:00:00",19552,12.31,3.748,3.671,0.209,6.797
"2019-11-12 10:15:00",19553,12.35,3.727,3.64,0.209,6.727
"2019-11-12 10:30:00",19554,12.35,3.762,3.677,0.209,6.665
"2019-11-12 10:45:00",19555,12.37,3.734,3.657,0.21,6.568
"2019-11-12 11:00:00",19556,12.29,3.679,3.589,0.21,6.497
"2019-11-12 11:15:00",19557,12.33,3.575,3.454,0.21,6.347
"2019-11-12 11:30:00",19558,12.34,3.361,3.231,0.21,6.219
"2019-11-12 11:45:00",19559,12.37,3.201,3.105,0.209,6.149
"2019-11-12 12:00:00",19560,12.38,3.133,3.084,0.209,6.152
"2019-11-12 12:15:00",19561,12.33,3.3,3.321,0.209,6.298
"2019-11-12 12:30:00",19562,12.3,3.537,3.503,0.209,6.32
"2019-11-12 12:45:00",19563,12.3,3.538,3.448,0.208,6.264
"2019-11-12 13:00:00",19564,12.36,3.671,3.616,0.21,6.492
"2019-11-12 13:15:00",19565,12.3,3.974,3.872,0.208,6.544
"2019-11-12 13:30:00",19566,12.32,4.156,3.953,0.209,6.486
"2019-11-12 13:45:00",19567,12.27,4.085,3.933,0.209,6.51
"2019-11-12 14:00:00",19568,12.31,4.027,3.88,0.208,6.491
"2019-11-12 14:15:00",19569,12.28,3.844,3.697,0.207,6.406
"2019-11-12 14:30:00",19570,12.36,3.756,3.594,0.209,6.292
"2019-11-12 14:45:00",19571,12.38,3.531,3.316,0.208,6.196
"2019-11-12 15:00:00",19572,12.39,3.236,3.043,0.207,5.948
"2019-11-12 15:15:00",19573,12.32,2.838,2.599,0.207,5.799
"2019-11-12 15:30:00",19574,12.3,2.369,2.128,0.208,5.631
"2019-11-12 15:45:00",19575,12.26,1.987,1.763,0.208,5.483
"2019-11-12 16:00:00",19576,12.28,1.707,1.48,0.207,5.33
"2019-11-12 16:15:00",19577,12.28,1.215,1.009,0.208,5.092
"2019-11-12 16:30:00",19578,12.35,0.786,0.564,0.207,4.842
"2019-11-12 16:45:00",19579,12.27,0.314,0.07,0.206,4.572
"2019-11-12 17:00:00",19580,12.37,-0.112,-0.289,0.207,4.526
"2019-11-12 17:15:00",19581,12.29,-0.427,-0.57,0.207,4.497
"2019-11-12 17:30:00",19582,12.28,-0.688,-0.861,0.207,4.324
"2019-11-12 17:45:00",19583,12.35,-0.976,-1.125,0.207,4.191
"2019-11-12 18:00:00",19584,12.38,-1.029,-1.148,0.207,4.06
"2019-11-12 18:15:00",19585,12.37,-1.135,-1.239,0.207,3.993
"2019-11-12 18:30:00",19586,12.38,-1.399,-1.491,0.206,3.842
"2019-11-12 18:45:00",19587,12.28,-1.486,-1.578,0.207,3.718
"2019-11-12 19:00:00",19588,12.36,-1.537,-1.616,0.207,3.607
"2019-11-12 19:15:00",19589,12.38,-1.572,-1.651,0.207,3.55
"2019-11-12 19:30:00",19590,12.3,-1.634,-1.709,0.207,3.507
"2019-11-12 19:45:00",19591,12.34,-1.637,-1.708,0.206,3.439
"2019-11-12 20:00:00",19592,12.27,-1.619,-1.685,0.207,3.393
"2019-11-12 20:15:00",19593,12.28,-1.601,-1.684,0.207,3.351
"2019-11-12 20:30:00",19594,12.3,-1.712,-1.834,0.206,3.225
"2019-11-12 20:45:00",19595,12.32,-1.811,-1.896,0.207,3.151
"2019-11-12 21:00:00",19596,12.32,-1.796,-1.864,0.207,3.139
"2019-11-12 21:15:00",19597,12.28,-1.711,-1.756,0.207,3.144
"2019-11-12 21:30:00",19598,12.35,-1.765,-1.884,0.207,3.016
"2019-11-12 21:45:00",19599,12.25,-1.949,-2.081,0.207,2.911
"2019-11-12 22:00:00",19600,12.28,-2.054,-2.157,0.206,2.934
"2019-11-12 22:15:00",19601,12.36,-2.062,-2.168,0.207,2.958
"2019-11-12 22:30:00",19602,12.31,-2.116,-2.21,0.207,2.873
"2019-11-12 22:45:00",19603,12.37,-2.219,-2.322,0.207,2.766
"2019-11-12 23:00:00",19604,12.35,-2.329,-2.424,0.207,2.714
"2019-11-12 23:15:00",19605,12.29,-2.43,-2.53,0.206,2.659
"2019-11-12 23:30:00",19606,12.27,-2.38,-2.467,0.207,2.594
"2019-11-12 23:45:00",19607,12.36,-2.499,-2.603,0.206,2.522
"2019-11-13 00:00:00",19608,12.36,-2.775,-2.873,0.206,2.467
"2019-11-13 00:15:00",19609,12.31,-2.908,-3.008,0.206,2.372
"2019-11-13 00:30:00",19610,12.27,-3.053,-3.129,0.206,2.348
"2019-11-13 00:45:00",19611,12.36,-3.16,-3.232,0.206,2.274
"2019-11-13 01:00:00",19612,12.29,-3.306,-3.389,0.206,2.25
"2019-11-13 01:15:00",19613,12.32,-3.424,-3.504,0.206,2.192
"2019-11-13 01:30:00",19614,12.29,-3.523,-3.608,0.206,2.164
"2019-11-13 01:45:00",19615,12.28,-3.629,-3.695,0.206,2.134
"2019-11-13 02:00:00",19616,12.29,-3.742,-3.801,0.207,2.082
"2019-11-13 02:15:00",19617,12.27,-3.863,-3.93,0.206,2.027
"2019-11-13 02:30:00",19618,12.3,-3.805,-3.881,0.206,1.978
"2019-11-13 02:45:00",19619,12.26,-3.862,-3.925,0.206,1.944
"2019-11-13 03:00:00",19620,12.3,-4.1,-4.141,0.206,1.911
"2019-11-13 03:15:00",19621,12.28,-4.171,-4.236,0.206,1.873
"2019-11-13 03:30:00",19622,12.27,-4.255,-4.303,0.206,1.822
"2019-11-13 03:45:00",19623,12.34,-4.332,-4.39,0.206,1.786
"2019-11-13 04:00:00",19624,12.28,-4.381,-4.424,0.206,1.741
"2019-11-13 04:15:00",19625,12.24,-4.445,-4.5,0.206,1.701
"2019-11-13 04:30:00",19626,12.26,-4.519,-4.562,0.206,1.673
"2019-11-13 04:45:00",19627,12.33,-4.578,-4.613,0.206,1.605
"2019-11-13 05:00:00",19628,12.23,-4.673,-4.709,0.206,1.515
"2019-11-13 05:15:00",19629,12.33,-4.721,-4.765,0.206,1.462
"2019-11-13 05:30:00",19630,12.3,-4.773,-4.826,0.206,1.414
"2019-11-13 05:45:00",19631,12.27,-4.824,-4.886,0.206,1.311
"2019-11-13 06:00:00",19632,12.27,-4.899,-4.957,0.206,1.282
"2019-11-13 06:15:00",19633,12.26,-4.958,-5.001,0.206,1.23
"2019-11-13 06:30:00",19634,12.24,-5.012,-5.067,0.206,1.205
"2019-11-13 06:45:00",19635,12.31,-5.075,-5.108,0.206,1.192
"2019-11-13 07:00:00",19636,12.34,-5.1,-5.135,0.206,1.162
"2019-11-13 07:15:00",19637,12.27,-5.118,-5.151,0.206,1.157
"2019-11-13 07:30:00",19638,12.27,-5.125,-5.136,0.206,1.131
"2019-11-13 07:45:00",19639,12.35,-5.1,-5.101,0.206,1.134
"2019-11-13 08:00:00",19640,12.29,-5.072,-5.085,0.205,1.131
"2019-11-13 08:15:00",19641,12.29,-4.984,-4.985,0.205,1.136
"2019-11-13 08:30:00",19642,12.25,-4.849,-4.826,0.205,1.14
"2019-11-13 08:45:00",19643,12.28,-4.663,-4.63,0.205,1.153
"2019-11-13 09:00:00",19644,12.29,-4.397,-4.345,0.206,1.155
"2019-11-13 09:15:00",19645,12.3,-4.112,-4.068,0.206,1.185
"2019-11-13 09:30:00",19646,12.34,-3.813,-3.786,0.206,1.209
"2019-11-13 09:45:00",19647,12.27,-3.478,-3.397,0.206,1.266
"2019-11-13 10:00:00",19648,12.24,-2.97,-2.823,0.206,1.379
"2019-11-13 10:15:00",19649,12.25,-2.325,-2.268,0.206,1.493
"2019-11-13 10:30:00",19650,12.27,-1.895,-1.761,0.206,1.608
"2019-11-13 10:45:00",19651,12.3,-1.352,-1.335,0.206,1.674
"2019-11-13 11:00:00",19652,12.26,-0.85,-0.79,0.206,1.863
"2019-11-13 11:15:00",19653,12.28,-0.459,-0.563,0.206,1.941
"2019-11-13 11:30:00",19654,12.23,-0.315,-0.454,0.206,2.07
"2019-11-13 11:45:00",19655,12.28,-0.088,-0.198,0.206,2.192
"2019-11-13 12:00:00",19656,12.34,0.168,0.011,0.206,2.272
"2019-11-13 12:15:00",19657,12.31,0.429,0.259,0.206,2.453
"2019-11-13 12:30:00",19658,12.26,0.847,0.729,0.206,2.672
"2019-11-13 12:45:00",19659,12.28,1.295,1.16,0.207,2.855
"2019-11-13 13:00:00",19660,12.23,1.733,1.548,0.207,3.028
"2019-11-13 13:15:00",19661,12.36,2.119,1.889,0.207,3.133
"2019-11-13 13:30:00",19662,12.26,2.284,1.988,0.207,3.154
"2019-11-13 13:45:00",19663,12.3,2.27,1.987,0.207,3.225
"2019-11-13 14:00:00",19664,12.34,2.174,1.916,0.207,3.252
"2019-11-13 14:15:00",19665,12.23,2.101,1.885,0.208,3.261
"2019-11-13 14:30:00",19666,12.29,2.127,1.873,0.207,3.274
"2019-11-13 14:45:00",19667,12.24,2.113,1.915,0.208,3.28
"2019-11-13 15:00:00",19668,12.28,2.237,2.063,0.208,3.328
"2019-11-13 15:15:00",19669,12.28,2.326,2.107,0.207,3.318
"2019-11-13 15:30:00",19670,12.29,2.219,1.963,0.207,3.253
"2019-11-13 15:45:00",19671,12.3,2.11,1.884,0.208,3.173
"2019-11-13 16:00:00",19672,12.35,1.948,1.711,0.207,3.126
"2019-11-13 16:15:00",19673,12.33,1.823,1.608,0.207,3.038
"2019-11-13 16:30:00",19674,12.28,1.683,1.453,0.207,3.059
"2019-11-13 16:45:00",19675,12.28,1.507,1.272,0.207,2.984
"2019-11-13 17:00:00",19676,12.34,1.174,0.954,0.208,2.922
"2019-11-13 17:15:00",19677,12.3,0.824,0.615,0.208,2.866
"2019-11-13 17:30:00",19678,12.33,0.504,0.294,0.207,2.805
"2019-11-13 17:45:00",19679,12.24,0.327,0.111,0.207,2.737
"2019-11-13 18:00:00",19680,12.25,-0.141,-0.336,0.207,2.674
"2019-11-13 18:15:00",19681,12.24,-0.447,-0.634,0.207,2.607
"2019-11-13 18:30:00",19682,12.33,-0.729,-0.914,0.207,2.545
"2019-11-13 18:45:00",19683,12.27,-0.975,-1.149,0.207,2.488
"2019-11-13 19:00:00",19684,12.34,-1.031,-1.184,0.207,2.433
"2019-11-13 19:15:00",19685,12.35,-1.346,-1.482,0.207,2.379
"2019-11-13 19:30:00",19686,12.29,-1.483,-1.609,0.207,2.345
"2019-11-13 19:45:00",19687,12.32,-1.603,-1.724,0.207,2.308
"2019-11-13 20:00:00",19688,12.29,-1.708,-1.812,0.207,2.272
"2019-11-13 20:15:00",19689,12.24,-1.786,-1.895,0.207,2.232
"2019-11-13 20:30:00",19690,12.34,-1.866,-1.965,0.207,2.18
"2019-11-13 20:45:00",19691,12.27,-1.923,-2.02,0.207,2.137
"2019-11-13 21:00:00",19692,12.36,-2.014,-2.111,0.207,2.104
"2019-11-13 21:15:00",19693,12.29,-2.105,-2.207,0.207,2.053
"2019-11-13 21:30:00",19694,12.29,-2.2,-2.294,0.207,2.021
"2019-11-13 21:45:00",19695,12.36,-2.29,-2.383,0.207,1.973
"2019-11-13 22:00:00",19696,12.29,-2.369,-2.475,0.207,1.931
"2019-11-13 22:15:00",19697,12.25,-2.436,-2.534,0.207,1.883
"2019-11-13 22:30:00",19698,12.32,-2.502,-2.6,0.206,1.85
"2019-11-13 22:45:00",19699,12.23,-2.438,-2.524,0.206,1.796
"2019-11-13 23:00:00",19700,12.26,-2.491,-2.567,0.206,1.777
"2019-11-13 23:15:00",19701,12.26,-2.68,-2.761,0.206,1.727
"2019-11-13 23:30:00",19702,12.32,-2.718,-2.81,0.207,1.697
"2019-11-13 23:45:00",19703,12.33,-2.757,-2.82,0.206,1.658
"2019-11-14 00:00:00",19704,12.35,-2.784,-2.862,0.206,1.633
"2019-11-14 00:15:00",19705,12.25,-2.81,-2.892,0.206,1.607
"2019-11-14 00:30:00",19706,12.34,-2.846,-2.944,0.207,1.585
"2019-11-14 00:45:00",19707,12.22,-2.919,-3.016,0.207,1.536
"2019-11-14 01:00:00",19708,12.34,-3.02,-3.118,0.206,1.515
"2019-11-14 01:15:00",19709,12.25,-3.109,-3.219,0.207,1.508
"2019-11-14 01:30:00",19710,12.23,-3.218,-3.314,0.206,1.478
"2019-11-14 01:45:00",19711,12.28,-3.328,-3.432,0.206,1.438
"2019-11-14 02:00:00",19712,12.27,-3.43,-3.514,0.206,1.429
"2019-11-14 02:15:00",19713,12.35,-3.528,-3.626,0.206,1.389
"2019-11-14 02:30:00",19714,12.25,-3.616,-3.686,0.206,1.354
"2019-11-14 02:45:00",19715,12.25,-3.693,-3.758,0.207,1.341
"2019-11-14 03:00:00",19716,12.21,-3.706,-3.741,0.206,1.316
"2019-11-14 03:15:00",19717,12.27,-3.644,-3.67,0.206,1.306
"2019-11-14 03:30:00",19718,12.24,-3.537,-3.573,0.206,1.297
"2019-11-14 03:45:00",19719,12.3,-3.453,-3.5,0.206,1.289
"2019-11-14 04:00:00",19720,12.23,-3.376,-3.392,0.206,1.28
"2019-11-14 04:15:00",19721,12.33,-3.239,-3.275,0.207,1.278
"2019-11-14 04:30:00",19722,12.29,-3.154,-3.211,0.207,1.266
"2019-11-14 04:45:00",19723,12.29,-3.114,-3.184,0.207,1.246
"2019-11-14 05:00:00",19724,12.33,-3.096,-3.147,0.207,1.228
"2019-11-14 05:15:00",19725,12.31,-3.09,-3.156,0.206,1.225
"2019-11-14 05:30:00",19726,12.27,-3.07,-3.133,0.206,1.222
"2019-11-14 05:45:00",19727,12.29,-3.103,-3.179,0.206,1.215
"2019-11-14 06:00:00",19728,12.3,-3.122,-3.19,0.206,1.21
"2019-11-14 06:15:00",19729,12.27,-3.145,-3.213,0.206,1.214
"2019-11-14 06:30:00",19730,12.33,-3.114,-3.184,0.206,1.232
"2019-11-14 06:45:00",19731,12.23,-3.097,-3.15,0.206,1.26
"2019-11-14 07:00:00",19732,12.3,-3.038,-3.084,0.205,1.208
"2019-11-14 07:15:00",19733,12.23,-2.983,-3.046,0.206,1.228
"2019-11-14 07:30:00",19734,12.24,-2.955,-3.033,0.206,1.244
"2019-11-14 07:45:00",19735,12.32,-2.899,-2.958,0.206,1.279
"2019-11-14 08:00:00",19736,12.24,-2.764,-2.794,0.206,1.316
"2019-11-14 08:15:00",19737,12.29,-2.476,-2.418,0.207,1.404
"2019-11-14 08:30:00",19738,12.35,-2.006,-1.905,0.207,1.518
"2019-11-14 08:45:00",19739,12.3,-1.397,-1.32,0.207,1.628
"2019-11-14 09:00:00",19740,12.29,-0.847,-0.825,0.207,1.697
"2019-11-14 09:15:00",19741,12.28,-0.369,-0.353,0.207,1.765
"2019-11-14 09:30:00",19742,12.33,0.094,0.083,0.207,1.844
"2019-11-14 09:45:00",19743,12.24,0.694,0.749,0.207,2.01
"2019-11-14 10:00:00",19744,12.22,1.331,1.309,0.207,2.148
"2019-11-14 10:15:00",19745,12.24,1.798,1.728,0.207,2.279
"2019-11-14 10:30:00",19746,12.27,2.242,2.146,0.206,2.382
"2019-11-14 10:45:00",19747,12.33,2.646,2.526,0.207,2.502
"2019-11-14 11:00:00",19748,12.23,3.063,2.974,0.207,2.655
"2019-11-14 11:15:00",19749,12.26,3.542,3.453,0.208,2.831
"2019-11-14 11:30:00",19750,12.33,3.909,3.803,0.208,2.971
"2019-11-14 11:45:00",19751,12.32,4.3,4.107,0.208,3.116
"2019-11-14 12:00:00",19752,12.31,4.443,4.218,0.207,3.188
"2019-11-14 12:15:00",19753,12.26,4.747,4.68,0.208,3.406
"2019-11-14 12:30:00",19754,12.34,5.177,5.077,0.208,3.548
"2019-11-14 12:45:00",19755,12.22,5.515,5.268,0.208,3.671
"2019-11-14 13:00:00",19756,12.24,5.56,5.249,0.208,3.729
"2019-11-14 13:15:00",19757,12.3,5.624,5.345,0.208,3.858
"2019-11-14 13:30:00",19758,12.34,5.73,5.51,0.208,3.946
"2019-11-14 13:45:00",19759,12.34,5.973,5.75,0.208,4.054
"2019-11-14 14:00:00",19760,12.23,6.165,5.893,0.208,4.118
"2019-11-14 14:15:00",19761,12.31,6.246,5.933,0.208,4.154
"2019-11-14 14:30:00",19762,12.28,6.323,6.033,0.208,4.228
"2019-11-14 14:45:00",19763,12.26,6.244,5.82,0.208,4.187
"2019-11-14 15:00:00",19764,12.33,5.988,5.605,0.208,4.178
"2019-11-14 15:15:00",19765,12.32,5.89,5.579,0.208,4.218
"2019-11-14 15:30:00",19766,12.29,5.895,5.572,0.208,4.222
"2019-11-14 15:45:00",19767,12.28,5.844,5.533,0.208,4.214
"2019-11-14 16:00:00",19768,12.26,5.809,5.479,0.208,4.228
"2019-11-14 16:15:00",19769,12.33,5.747,5.396,0.208,4.245
"2019-11-14 16:30:00",19770,12.22,5.806,5.483,0.208,4.248
"2019-11-14 16:45:00",19771,12.33,5.689,5.298,0.208,4.223
"2019-11-14 17:00:00",19772,12.26,5.224,4.877,0.208,4.185
"2019-11-14 17:15:00",19773,12.29,4.991,4.674,0.208,4.184
"2019-11-14 17:30:00",19774,12.24,4.868,4.577,0.208,4.182
"2019-11-14 17:45:00",19775,12.28,4.761,4.494,0.208,4.178
"2019-11-14 18:00:00",19776,12.32,4.692,4.416,0.208,4.165
"2019-11-14 18:15:00",19777,12.26,4.634,4.383,0.208,4.166
"2019-11-14 18:30:00",19778,12.26,4.566,4.328,0.208,4.169
"2019-11-14 18:45:00",19779,12.31,4.52,4.27,0.208,4.169
"2019-11-14 19:00:00",19780,12.32,4.418,4.129,0.208,4.142
"2019-11-14 19:15:00",19781,12.24,4.131,3.807,0.208,4.079
"2019-11-14 19:30:00",19782,12.25,3.787,3.501,0.208,4.047
"2019-11-14 19:45:00",19783,12.3,3.525,3.244,0.208,4.009
"2019-11-14 20:00:00",19784,12.25,3.27,2.998,0.208,3.964
"2019-11-14 20:15:00",19785,12.3,3.025,2.773,0.208,3.905
"2019-11-14 20:30:00",19786,12.28,2.762,2.466,0.208,3.836
"2019-11-14 20:45:00",19787,12.25,2.322,2.043,0.208,3.756
"2019-11-14 21:00:00",19788,12.31,1.906,1.643,0.208,3.694
"2019-11-14 21:15:00",19789,12.34,1.568,1.347,0.208,3.62
"2019-11-14 21:30:00",19790,12.34,1.263,1.08,0.208,3.576
"2019-11-14 21:45:00",19791,12.35,1.076,0.922,0.208,3.53
"2019-11-14 22:00:00",19792,12.22,0.999,0.887,0.208,3.501
"2019-11-14 22:15:00",19793,12.23,0.996,0.897,0.208,3.465
"2019-11-14 22:30:00",19794,12.32,0.974,0.865,0.208,3.427
"2019-11-14 22:45:00",19795,12.32,1.032,0.959,0.208,3.404
"2019-11-14 23:00:00",19796,12.28,1.171,1.099,0.208,3.406
"2019-11-14 23:15:00",19797,12.21,1.324,1.265,0.207,3.361
"2019-11-14 23:30:00",19798,12.3,1.452,1.323,0.207,3.373
"2019-11-14 23:45:00",19799,12.25,1.358,1.211,0.208,3.325
"2019-11-15 00:00:00",19800,12.31,1.34,1.243,0.208,3.343
"2019-11-15 00:15:00",19801,12.24,1.419,1.32,0.208,3.333
"2019-11-15 00:30:00",19802,12.33,1.446,1.347,0.208,3.338
"2019-11-15 00:45:00",19803,12.28,1.64,1.605,0.208,3.347
"2019-11-15 01:00:00",19804,12.3,1.9,1.839,0.207,3.335
"2019-11-15 01:15:00",19805,12.28,2.156,2.107,0.207,3.344
"2019-11-15 01:30:00",19806,12.21,2.42,2.357,0.208,3.382
"2019-11-15 01:45:00",19807,12.23,2.607,2.499,0.208,3.389
"2019-11-15 02:00:00",19808,12.32,2.641,2.482,0.208,3.4
"2019-11-15 02:15:00",19809,12.28,2.627,2.463,0.208,3.407
"2019-11-15 02:30:00",19810,12.24,2.563,2.395,0.207,3.398
"2019-11-15 02:45:00",19811,12.34,2.561,2.394,0.208,3.402
"2019-11-15 03:00:00",19812,12.25,2.551,2.392,0.207,3.374
"2019-11-15 03:15:00",19813,12.25,2.559,2.402,0.208,3.4
"2019-11-15 03:30:00",19814,12.25,2.589,2.453,0.208,3.394
"2019-11-15 03:45:00",19815,12.21,2.672,2.569,0.208,3.405
"2019-11-15 04:00:00",19816,12.22,2.825,2.718,0.208,3.43
"2019-11-15 04:15:00",19817,12.29,3.126,3.013,0.208,3.434
"2019-11-15 04:30:00",19818,12.27,3.174,3.035,0.208,3.452
"2019-11-15 04:45:00",19819,12.23,3.264,3.127,0.208,3.49
"2019-11-15 05:00:00",19820,12.21,3.357,3.195,0.207,3.489
"2019-11-15 05:15:00",19821,12.22,3.427,3.277,0.208,3.502
"2019-11-15 05:30:00",19822,12.28,3.487,3.329,0.208,3.541
"2019-11-15 05:45:00",19823,12.33,3.531,3.351,0.208,3.572
"2019-11-15 06:00:00",19824,12.24,3.568,3.376,0.208,3.585
"2019-11-15 06:15:00",19825,12.21,3.591,3.436,0.208,3.597
"2019-11-15 06:30:00",19826,12.26,3.722,3.574,0.208,3.594
"2019-11-15 06:45:00",19827,12.27,3.844,3.68,0.207,3.629
"2019-11-15 07:00:00",19828,12.32,3.919,3.745,0.208,3.624
"2019-11-15 07:15:00",19829,12.32,3.949,3.77,0.208,3.641
"2019-11-15 07:30:00",19830,12.32,4.041,3.884,0.208,3.641
"2019-11-15 07:45:00",19831,12.34,4.209,4.053,0.208,3.676
"2019-11-15 08:00:00",19832,12.3,4.24,4.01,0.208,3.664
"2019-11-15 08:15:00",19833,12.28,4.169,3.964,0.208,3.692
"2019-11-15 08:30:00",19834,12.31,4.265,4.171,0.208,3.751
"2019-11-15 08:45:00",19835,12.21,4.715,4.694,0.208,3.877
"2019-11-15 09:00:00",19836,12.3,5.222,5.117,0.208,3.887
"2019-11-15 09:15:00",19837,12.33,5.434,5.209,0.208,3.927
"2019-11-15 09:30:00",19838,12.34,5.501,5.275,0.208,4.002
"2019-11-15 09:45:00",19839,12.25,5.87,5.766,0.208,4.095
"2019-11-15 10:00:00",19840,12.22,6.225,6.094,0.208,4.194
"2019-11-15 10:15:00",19841,12.34,6.521,6.29,0.208,4.308
"2019-11-15 10:30:00",19842,12.33,6.825,6.701,0.208,4.461
"2019-11-15 10:45:00",19843,12.34,7.358,7.24,0.208,4.6
"2019-11-15 11:00:00",19844,12.35,7.851,7.764,0.208,4.743
"2019-11-15 11:15:00",19845,12.25,8.37,8.22,0.208,4.881
"2019-11-15 11:30:00",19846,12.22,8.69,8.47,0.208,4.996
"2019-11-15 11:45:00",19847,12.25,8.92,8.67,0.208,5.092
"2019-11-15 12:00:00",19848,12.23,9.14,8.88,0.208,5.198
"2019-11-15 12:15:00",19849,12.23,9.29,9.01,0.208,5.277
"2019-11-15 12:30:00",19850,12.27,9.37,9.05,0.208,5.328
"2019-11-15 12:45:00",19851,12.34,9.38,9.05,0.208,5.398
"2019-11-15 13:00:00",19852,12.26,9.45,9.14,0.208,5.467
"2019-11-15 13:15:00",19853,12.26,9.57,9.27,0.208,5.554
"2019-11-15 13:30:00",19854,12.32,9.65,9.33,0.208,5.621
"2019-11-15 13:45:00",19855,12.28,9.85,9.51,0.209,5.667
"2019-11-15 14:00:00",19856,12.35,9.9,9.57,0.208,5.724
"2019-11-15 14:15:00",19857,12.33,9.78,9.43,0.208,5.753
"2019-11-15 14:30:00",19858,12.27,9.81,9.48,0.208,5.801
"2019-11-15 14:45:00",19859,12.26,9.87,9.56,0.208,5.855
"2019-11-15 15:00:00",19860,12.26,9.93,9.6,0.208,5.884
"2019-11-15 15:15:00",19861,12.35,9.95,9.61,0.208,5.908
"2019-11-15 15:30:00",19862,12.23,10,9.68,0.208,5.939
"2019-11-15 15:45:00",19863,12.34,10.04,9.72,0.208,5.952
"2019-11-15 16:00:00",19864,12.32,10.07,9.76,0.208,5.984
"2019-11-15 16:15:00",19865,12.28,10.17,9.82,0.208,5.972
"2019-11-15 16:30:00",19866,12.24,9.98,9.56,0.209,5.877
"2019-11-15 16:45:00",19867,12.25,9.5,9.01,0.209,5.798
"2019-11-15 17:00:00",19868,12.3,8.71,8.19,0.209,5.714
"2019-11-15 17:15:00",19869,12.31,7.875,7.398,0.208,5.629
"2019-11-15 17:30:00",19870,12.23,7.062,6.614,0.208,5.539
"2019-11-15 17:45:00",19871,12.3,6.361,5.961,0.209,5.455
"2019-11-15 18:00:00",19872,12.32,5.714,5.366,0.208,5.379
"2019-11-15 18:15:00",19873,12.28,5.177,4.855,0.208,5.301
"2019-11-15 18:30:00",19874,12.34,4.73,4.44,0.208,5.225
"2019-11-15 18:45:00",19875,12.25,4.33,4.062,0.208,5.148
"2019-11-15 19:00:00",19876,12.27,3.983,3.723,0.208,5.077
"2019-11-15 19:15:00",19877,12.24,3.686,3.463,0.208,5.007
"2019-11-15 19:30:00",19878,12.3,3.411,3.193,0.208,4.948
"2019-11-15 19:45:00",19879,12.34,3.147,2.928,0.208,4.88
"2019-11-15 20:00:00",19880,12.25,3.078,2.882,0.208,4.817
"2019-11-15 20:15:00",19881,12.24,2.776,2.579,0.208,4.768
"2019-11-15 20:30:00",19882,12.32,2.584,2.392,0.208,4.714
"2019-11-15 20:45:00",19883,12.22,2.417,2.26,0.208,4.665
"2019-11-15 21:00:00",19884,12.26,2.344,2.191,0.208,4.624
"2019-11-15 21:15:00",19885,12.25,2.408,2.326,0.208,4.594
"2019-11-15 21:30:00",19886,12.35,2.573,2.488,0.208,4.559
"2019-11-15 21:45:00",19887,12.26,2.735,2.662,0.208,4.519
"2019-11-15 22:00:00",19888,12.23,2.885,2.781,0.208,4.484
"2019-11-15 22:15:00",19889,12.35,3.051,2.942,0.208,4.438
"2019-11-15 22:30:00",19890,12.27,3.215,3.124,0.208,4.401
"2019-11-15 22:45:00",19891,12.27,3.348,3.234,0.208,4.368
"2019-11-15 23:00:00",19892,12.34,3.376,3.223,0.209,4.333
"2019-11-15 23:15:00",19893,12.32,3.334,3.158,0.209,4.294
"2019-11-15 23:30:00",19894,12.3,3.191,2.991,0.208,4.252
"2019-11-15 23:45:00",19895,12.32,3.034,2.836,0.208,4.202
"2019-11-16 00:00:00",19896,12.23,2.996,2.867,0.208,4.172
"2019-11-16 00:15:00",19897,12.34,3.208,3.158,0.208,4.162
"2019-11-16 00:30:00",19898,12.27,3.515,3.436,0.208,4.157
"2019-11-16 00:45:00",19899,12.22,3.598,3.432,0.208,4.145
"2019-11-16 01:00:00",19900,12.26,3.548,3.375,0.208,4.126
"2019-11-16 01:15:00",19901,12.22,3.485,3.301,0.208,4.097
"2019-11-16 01:30:00",19902,12.25,3.344,3.131,0.208,4.051
"2019-11-16 01:45:00",19903,12.22,3.194,3.002,0.208,4.018
"2019-11-16 02:00:00",19904,12.28,3.057,2.849,0.208,3.978
"2019-11-16 02:15:00",19905,12.25,3.015,2.812,0.208,3.931
"2019-11-16 02:30:00",19906,12.23,2.728,2.534,0.208,3.891
"2019-11-16 02:45:00",19907,12.32,2.612,2.433,0.209,3.855
"2019-11-16 03:00:00",19908,12.24,2.496,2.343,0.208,3.826
"2019-11-16 03:15:00",19909,12.32,2.474,2.342,0.208,3.803
"2019-11-16 03:30:00",19910,12.34,2.587,2.489,0.208,3.79
"2019-11-16 03:45:00",19911,12.26,2.671,2.551,0.208,3.782
"2019-11-16 04:00:00",19912,12.22,2.682,2.523,0.209,3.752
"2019-11-16 04:15:00",19913,12.31,2.601,2.428,0.208,3.716
"2019-11-16 04:30:00",19914,12.31,2.481,2.308,0.208,3.691
"2019-11-16 04:45:00",19915,12.32,2.407,2.249,0.207,3.668
"2019-11-16 05:00:00",19916,12.24,2.33,2.16,0.208,3.651
"2019-11-16 05:15:00",19917,12.28,2.246,2.085,0.208,3.63
"2019-11-16 05:30:00",19918,12.34,2.186,2.03,0.208,3.593
"2019-11-16 05:45:00",19919,12.22,2.163,2.06,0.207,3.575
"2019-11-16 06:00:00",19920,12.21,2.325,2.243,0.208,3.574
"2019-11-16 06:15:00",19921,12.29,2.503,2.412,0.208,3.562
"2019-11-16 06:30:00",19922,12.27,2.525,2.346,0.208,3.531
"2019-11-16 06:45:00",19923,12.25,2.301,2.088,0.208,3.495
"2019-11-16 07:00:00",19924,12.28,2.087,1.899,0.208,3.471
"2019-11-16 07:15:00",19925,12.28,1.895,1.701,0.208,3.437
"2019-11-16 07:30:00",19926,12.33,1.726,1.548,0.208,3.421
"2019-11-16 07:45:00",19927,12.31,1.749,1.613,0.208,3.414
"2019-11-16 08:00:00",19928,12.24,1.647,1.525,0.208,3.41
"2019-11-16 08:15:00",19929,12.33,1.665,1.556,0.208,3.416
"2019-11-16 08:30:00",19930,12.22,1.758,1.656,0.208,3.414
"2019-11-16 08:45:00",19931,12.35,1.861,1.745,0.207,3.421
"2019-11-16 09:00:00",19932,12.29,1.958,1.857,0.207,3.452
"2019-11-16 09:15:00",19933,12.29,2.05,1.939,0.208,3.492
"2019-11-16 09:30:00",19934,12.27,2.193,2.097,0.207,3.532
"2019-11-16 09:45:00",19935,12.23,2.398,2.316,0.207,3.571
"2019-11-16 10:00:00",19936,12.25,2.638,2.544,0.208,3.619
"2019-11-16 10:15:00",19937,12.22,2.974,2.908,0.207,3.673
"2019-11-16 10:30:00",19938,12.24,3.393,3.357,0.208,3.774
"2019-11-16 10:45:00",19939,12.26,3.844,3.761,0.207,3.86
"2019-11-16 11:00:00",19940,12.28,4.379,4.336,0.207,4.034
"2019-11-16 11:15:00",19941,12.21,4.834,4.703,0.207,4.183
"2019-11-16 11:30:00",19942,12.33,5.068,4.844,0.208,4.299
"2019-11-16 11:45:00",19943,12.33,5.231,4.967,0.208,4.426
"2019-11-16 12:00:00",19944,12.25,5.477,5.279,0.208,4.542
"2019-11-16 12:15:00",19945,12.32,5.8,5.603,0.208,4.71
"2019-11-16 12:30:00",19946,12.24,6.294,6.259,0.207,4.899
"2019-11-16 12:45:00",19947,12.29,6.814,6.727,0.207,5.077
"2019-11-16 13:00:00",19948,12.28,7.344,7.257,0.207,5.251
"2019-11-16 13:15:00",19949,12.25,7.906,7.703,0.208,5.34
"2019-11-16 13:30:00",19950,12.3,8.24,7.91,0.208,5.443
"2019-11-16 13:45:00",19951,12.22,8.27,7.876,0.208,5.571
"2019-11-16 14:00:00",19952,12.31,8.12,7.744,0.208,5.635
"2019-11-16 14:15:00",19953,12.25,8.02,7.666,0.208,5.698
"2019-11-16 14:30:00",19954,12.31,8.09,7.835,0.208,5.723
"2019-11-16 14:45:00",19955,12.26,8.05,7.737,0.207,5.712
"2019-11-16 15:00:00",19956,12.3,8.05,7.826,0.208,5.699
"2019-11-16 15:15:00",19957,12.23,8.13,7.869,0.208,5.661
"2019-11-16 15:30:00",19958,12.32,8.05,7.734,0.208,5.604
"2019-11-16 15:45:00",19959,12.32,7.895,7.549,0.207,5.573
"2019-11-16 16:00:00",19960,12.22,7.698,7.374,0.207,5.534
"2019-11-16 16:15:00",19961,12.32,7.51,7.167,0.207,5.49
"2019-11-16 16:30:00",19962,12.25,7.308,6.974,0.207,5.429
"2019-11-16 16:45:00",19963,12.32,7.071,6.7,0.208,5.354
"2019-11-16 17:00:00",19964,12.33,6.361,5.998,0.208,5.259
"2019-11-16 17:15:00",19965,12.3,5.752,5.395,0.208,5.171
"2019-11-16 17:30:00",19966,12.29,5.132,4.807,0.208,5.078
"2019-11-16 17:45:00",19967,12.25,4.536,4.247,0.208,4.982
"2019-11-16 18:00:00",19968,12.31,4.035,3.764,0.208,4.894
"2019-11-16 18:15:00",19969,12.27,3.64,3.398,0.208,4.812
"2019-11-16 18:30:00",19970,12.23,3.28,3.08,0.208,4.731
"2019-11-16 18:45:00",19971,12.22,3.007,2.807,0.208,4.656
"2019-11-16 19:00:00",19972,12.31,2.752,2.558,0.207,4.582
"2019-11-16 19:15:00",19973,12.23,2.486,2.32,0.208,4.506
"2019-11-16 19:30:00",19974,12.24,2.278,2.11,0.207,4.439
"2019-11-16 19:45:00",19975,12.21,2.089,1.934,0.208,4.379
"2019-11-16 20:00:00",19976,12.3,1.921,1.78,0.208,4.319
"2019-11-16 20:15:00",19977,12.23,1.784,1.651,0.207,4.26
"2019-11-16 20:30:00",19978,12.32,1.678,1.553,0.208,4.2
"2019-11-16 20:45:00",19979,12.29,1.772,1.664,0.207,4.153
"2019-11-16 21:00:00",19980,12.23,1.699,1.619,0.208,4.101
"2019-11-16 21:15:00",19981,12.23,1.746,1.647,0.208,4.051
"2019-11-16 21:30:00",19982,12.27,1.754,1.633,0.207,4.009
"2019-11-16 21:45:00",19983,12.3,1.732,1.595,0.207,3.963
"2019-11-16 22:00:00",19984,12.26,1.734,1.575,0.208,3.919
"2019-11-16 22:15:00",19985,12.24,1.405,1.24,0.207,3.866
"2019-11-16 22:30:00",19986,12.3,1.172,1.012,0.207,3.815
"2019-11-16 22:45:00",19987,12.23,0.962,0.789,0.207,3.759
"2019-11-16 23:00:00",19988,12.28,0.764,0.602,0.207,3.711
"2019-11-16 23:15:00",19989,12.29,0.682,0.646,0.207,3.707
"2019-11-16 23:30:00",19990,12.33,0.929,0.972,0.208,3.73
"2019-11-16 23:45:00",19991,12.32,1.348,1.411,0.208,3.756
"2019-11-17 00:00:00",19992,12.25,1.78,1.793,0.207,3.768
"2019-11-17 00:15:00",19993,12.23,2.079,2.029,0.208,3.758
"2019-11-17 00:30:00",19994,12.32,2.252,2.169,0.207,3.741
"2019-11-17 00:45:00",19995,12.25,2.351,2.244,0.208,3.742
"2019-11-17 01:00:00",19996,12.32,2.426,2.323,0.207,3.76
"2019-11-17 01:15:00",19997,12.27,2.508,2.392,0.208,3.771
"2019-11-17 01:30:00",19998,12.31,2.562,2.447,0.208,3.759
"2019-11-17 01:45:00",19999,12.22,2.611,2.479,0.207,3.741
"2019-11-17 02:00:00",20000,12.26,2.633,2.495,0.208,3.738
"2019-11-17 02:15:00",20001,12.2,2.627,2.481,0.208,3.735
"2019-11-17 02:30:00",20002,12.3,2.635,2.506,0.208,3.736
"2019-11-17 02:45:00",20003,12.21,2.644,2.516,0.208,3.722
"2019-11-17 03:00:00",20004,12.21,2.606,2.458,0.207,3.709
"2019-11-17 03:15:00",20005,12.23,2.566,2.413,0.208,3.71
"2019-11-17 03:30:00",20006,12.28,2.542,2.398,0.207,3.72
"2019-11-17 03:45:00",20007,12.19,2.514,2.358,0.208,3.723
"2019-11-17 04:00:00",20008,12.28,2.496,2.359,0.207,3.724
"2019-11-17 04:15:00",20009,12.29,2.479,2.334,0.208,3.723
"2019-11-17 04:30:00",20010,12.25,2.469,2.341,0.208,3.704
"2019-11-17 04:45:00",20011,12.26,2.469,2.323,0.207,3.709
"2019-11-17 05:00:00",20012,12.22,2.434,2.303,0.208,3.7
"2019-11-17 05:15:00",20013,12.27,2.388,2.241,0.207,3.679
"2019-11-17 05:30:00",20014,12.26,2.322,2.176,0.207,3.675
"2019-11-17 05:45:00",20015,12.3,2.248,2.09,0.207,3.659
"2019-11-17 06:00:00",20016,12.27,2.207,2.068,0.208,3.662
"2019-11-17 06:15:00",20017,12.24,2.178,2.06,0.207,3.667
"2019-11-17 06:30:00",20018,12.33,2.157,2.026,0.208,3.661
"2019-11-17 06:45:00",20019,12.3,2.108,1.979,0.207,3.656
"2019-11-17 07:00:00",20020,12.29,2.063,1.923,0.208,3.643
"2019-11-17 07:15:00",20021,12.23,1.993,1.863,0.208,3.638
"2019-11-17 07:30:00",20022,12.27,1.969,1.841,0.208,3.619
"2019-11-17 07:45:00",20023,12.25,1.987,1.882,0.208,3.636
"2019-11-17 08:00:00",20024,12.28,2.068,1.969,0.208,3.668
"2019-11-17 08:15:00",20025,12.21,2.194,2.105,0.207,3.705
"2019-11-17 08:30:00",20026,12.25,2.39,2.323,0.208,3.761
"2019-11-17 08:45:00",20027,12.26,2.564,2.475,0.208,3.803
"2019-11-17 09:00:00",20028,12.3,2.704,2.593,0.208,3.841
"2019-11-17 09:15:00",20029,12.25,2.849,2.749,0.208,3.916
"2019-11-17 09:30:00",20030,12.23,3.065,2.985,0.208,4.004
"2019-11-17 09:45:00",20031,12.21,3.256,3.124,0.208,4.057
"2019-11-17 10:00:00",20032,12.21,3.399,3.283,0.207,4.126
"2019-11-17 10:15:00",20033,12.19,3.619,3.525,0.208,4.222
"2019-11-17 10:30:00",20034,12.21,3.875,3.777,0.208,4.285
"2019-11-17 10:45:00",20035,12.21,4.089,3.976,0.208,4.357
"2019-11-17 11:00:00",20036,12.32,4.274,4.137,0.208,4.433
"2019-11-17 11:15:00",20037,12.3,4.518,4.41,0.208,4.553
"2019-11-17 11:30:00",20038,12.23,4.862,4.802,0.208,4.687
"2019-11-17 11:45:00",20039,12.25,5.19,5.062,0.208,4.783
"2019-11-17 12:00:00",20040,12.24,5.448,5.302,0.208,4.881
"2019-11-17 12:15:00",20041,12.27,5.604,5.427,0.208,4.949
"2019-11-17 12:30:00",20042,12.31,5.739,5.572,0.208,5.044
"2019-11-17 12:45:00",20043,12.23,5.956,5.816,0.208,5.143
"2019-11-17 13:00:00",20044,12.25,6.216,6.077,0.208,5.283
"2019-11-17 13:15:00",20045,12.2,6.404,6.262,0.208,5.357
"2019-11-17 13:30:00",20046,12.22,6.622,6.462,0.208,5.421
"2019-11-17 13:45:00",20047,12.27,6.82,6.635,0.208,5.491
"2019-11-17 14:00:00",20048,12.3,6.936,6.74,0.208,5.549
"2019-11-17 14:15:00",20049,12.27,7.147,6.967,0.208,5.643
"2019-11-17 14:30:00",20050,12.29,7.314,7.067,0.208,5.698
"2019-11-17 14:45:00",20051,12.21,7.381,7.153,0.209,5.696
"2019-11-17 15:00:00",20052,12.28,7.461,7.242,0.208,5.741
"2019-11-17 15:15:00",20053,12.21,7.412,7.143,0.209,5.689
"2019-11-17 15:30:00",20054,12.22,7.321,7.093,0.208,5.685
"2019-11-17 15:45:00",20055,12.23,7.356,7.153,0.208,5.705
"2019-11-17 16:00:00",20056,12.23,7.332,7.076,0.208,5.663
"2019-11-17 16:15:00",20057,12.3,7.164,6.855,0.208,5.591
"2019-11-17 16:30:00",20058,12.3,7.032,6.706,0.209,5.514
"2019-11-17 16:45:00",20059,12.25,6.519,6.227,0.208,5.455
"2019-11-17 17:00:00",20060,12.25,6.089,5.787,0.208,5.374
"2019-11-17 17:15:00",20061,12.24,5.76,5.477,0.208,5.298
"2019-11-17 17:30:00",20062,12.23,5.146,4.871,0.208,5.212
"2019-11-17 17:45:00",20063,12.32,4.731,4.5,0.208,5.147
"2019-11-17 18:00:00",20064,12.23,4.425,4.233,0.208,5.096
"2019-11-17 18:15:00",20065,12.22,4.454,4.342,0.208,5.084
"2019-11-17 18:30:00",20066,12.21,4.36,4.29,0.208,5.083
"2019-11-17 18:45:00",20067,12.22,4.496,4.421,0.208,5.079
"2019-11-17 19:00:00",20068,12.31,4.66,4.587,0.208,5.079
"2019-11-17 19:15:00",20069,12.24,4.785,4.713,0.208,5.081
"2019-11-17 19:30:00",20070,12.3,4.923,4.841,0.208,5.083
"2019-11-17 19:45:00",20071,12.23,5.089,5.015,0.208,5.096
"2019-11-17 20:00:00",20072,12.32,5.247,5.166,0.208,5.106
"2019-11-17 20:15:00",20073,12.25,5.402,5.3,0.208,5.121
"2019-11-17 20:30:00",20074,12.32,5.541,5.426,0.208,5.136
"2019-11-17 20:45:00",20075,12.22,5.634,5.497,0.208,5.148
"2019-11-17 21:00:00",20076,12.2,5.812,5.661,0.208,5.151
"2019-11-17 21:15:00",20077,12.32,5.659,5.469,0.208,5.151
"2019-11-17 21:30:00",20078,12.33,5.714,5.547,0.208,5.156
"2019-11-17 21:45:00",20079,12.29,5.523,5.37,0.208,5.162
"2019-11-17 22:00:00",20080,12.24,5.504,5.361,0.209,5.168
"2019-11-17 22:15:00",20081,12.25,5.49,5.343,0.208,5.175
"2019-11-17 22:30:00",20082,12.3,5.47,5.319,0.208,5.18
"2019-11-17 22:45:00",20083,12.21,5.433,5.275,0.209,5.182
"2019-11-17 23:00:00",20084,12.32,5.384,5.229,0.209,5.184
"2019-11-17 23:15:00",20085,12.26,5.37,5.236,0.208,5.186
"2019-11-17 23:30:00",20086,12.24,5.368,5.231,0.209,5.19
"2019-11-17 23:45:00",20087,12.29,5.371,5.235,0.208,5.194
"2019-11-18 00:00:00",20088,12.31,5.368,5.233,0.209,5.192
"2019-11-18 00:15:00",20089,12.23,5.329,5.16,0.209,5.194
"2019-11-18 00:30:00",20090,12.29,5.252,5.099,0.209,5.188
"2019-11-18 00:45:00",20091,12.22,5.148,4.963,0.209,5.169
"2019-11-18 01:00:00",20092,12.23,5.049,4.894,0.208,5.167
"2019-11-18 01:15:00",20093,12.25,5.026,4.896,0.209,5.17
"2019-11-18 01:30:00",20094,12.24,5.044,4.924,0.208,5.168
"2019-11-18 01:45:00",20095,12.23,5.028,4.876,0.209,5.155
"2019-11-18 02:00:00",20096,12.26,4.954,4.805,0.209,5.15
"2019-11-18 02:15:00",20097,12.24,4.907,4.766,0.209,5.142
"2019-11-18 02:30:00",20098,12.2,4.881,4.753,0.209,5.142
"2019-11-18 02:45:00",20099,12.29,4.881,4.757,0.209,5.134
"2019-11-18 03:00:00",20100,12.19,4.864,4.724,0.209,5.126
"2019-11-18 03:15:00",20101,12.3,4.811,4.685,0.209,5.12
"2019-11-18 03:30:00",20102,12.25,4.805,4.676,0.208,5.12
"2019-11-18 03:45:00",20103,12.23,4.788,4.668,0.209,5.111
"2019-11-18 04:00:00",20104,12.29,4.757,4.635,0.209,5.109
"2019-11-18 04:15:00",20105,12.25,4.753,4.628,0.209,5.109
"2019-11-18 04:30:00",20106,12.23,4.734,4.611,0.209,5.109
"2019-11-18 04:45:00",20107,12.28,4.739,4.617,0.209,5.105
"2019-11-18 05:00:00",20108,12.29,4.712,4.584,0.209,5.103
"2019-11-18 05:15:00",20109,12.32,4.709,4.586,0.209,5.101
"2019-11-18 05:30:00",20110,12.3,4.695,4.579,0.209,5.101
"2019-11-18 05:45:00",20111,12.3,4.713,4.595,0.209,5.105
"2019-11-18 06:00:00",20112,12.31,4.737,4.626,0.209,5.108
"2019-11-18 06:15:00",20113,12.21,4.775,4.659,0.209,5.11
"2019-11-18 06:30:00",20114,12.31,4.79,4.665,0.209,5.111
"2019-11-18 06:45:00",20115,12.23,4.823,4.699,0.209,5.116
"2019-11-18 07:00:00",20116,12.26,4.849,4.739,0.208,5.12
"2019-11-18 07:15:00",20117,12.23,4.881,4.762,0.209,5.13
"2019-11-18 07:30:00",20118,12.2,4.919,4.798,0.209,5.145
"2019-11-18 07:45:00",20119,12.29,4.96,4.845,0.209,5.173
"2019-11-18 08:00:00",20120,12.24,5.04,4.933,0.209,5.219
"2019-11-18 08:15:00",20121,12.25,5.153,5.051,0.209,5.254
"2019-11-18 08:30:00",20122,12.32,5.27,5.154,0.209,5.271
"2019-11-18 08:45:00",20123,12.32,5.391,5.27,0.209,5.314
"2019-11-18 09:00:00",20124,12.26,5.548,5.434,0.209,5.388
"2019-11-18 09:15:00",20125,12.23,5.747,5.63,0.209,5.42
"2019-11-18 09:30:00",20126,12.3,5.87,5.728,0.209,5.447
"2019-11-18 09:45:00",20127,12.21,5.958,5.816,0.209,5.503
"2019-11-18 10:00:00",20128,12.23,6.082,5.988,0.209,5.601
"2019-11-18 10:15:00",20129,12.21,6.423,6.379,0.209,5.766
"2019-11-18 10:30:00",20130,12.27,6.943,6.962,0.209,5.884
"2019-11-18 10:45:00",20131,12.31,7.523,7.469,0.209,5.915
"2019-11-18 11:00:00",20132,12.27,7.859,7.707,0.209,5.997
"2019-11-18 11:15:00",20133,12.27,7.918,7.727,0.209,6.048
"2019-11-18 11:30:00",20134,12.21,8.1,7.992,0.209,6.207
"2019-11-18 11:45:00",20135,12.23,8.4,8.27,0.209,6.299
"2019-11-18 12:00:00",20136,12.23,8.62,8.43,0.209,6.337
"2019-11-18 12:15:00",20137,12.28,8.66,8.45,0.209,6.356
"2019-11-18 12:30:00",20138,12.2,8.7,8.5,0.209,6.381
"2019-11-18 12:45:00",20139,12.27,8.86,8.69,0.209,6.489
"2019-11-18 13:00:00",20140,12.3,8.96,8.71,0.209,6.457
"2019-11-18 13:15:00",20141,12.22,8.75,8.47,0.209,6.387
"2019-11-18 13:30:00",20142,12.23,8.47,8.18,0.209,6.38
"2019-11-18 13:45:00",20143,12.29,8.22,7.951,0.209,6.405
"2019-11-18 14:00:00",20144,12.28,7.959,7.723,0.21,6.388
"2019-11-18 14:15:00",20145,12.23,7.757,7.523,0.21,6.371
"2019-11-18 14:30:00",20146,12.32,7.584,7.397,0.211,6.378
"2019-11-18 14:45:00",20147,12.24,7.459,7.263,0.211,6.329
"2019-11-18 15:00:00",20148,12.26,7.33,7.159,0.213,6.306
"2019-11-18 15:15:00",20149,12.2,7.259,7.082,0.215,6.278
"2019-11-18 15:30:00",20150,12.26,7.183,7.015,0.217,6.256
"2019-11-18 15:45:00",20151,12.21,7.128,6.967,0.218,6.247
"2019-11-18 16:00:00",20152,12.21,7.122,6.978,0.22,6.241
"2019-11-18 16:15:00",20153,12.25,7.139,6.993,0.222,6.237
"2019-11-18 16:30:00",20154,12.32,7.142,6.999,0.224,6.239
"2019-11-18 16:45:00",20155,12.32,7.174,7.035,0.226,6.249
"2019-11-18 17:00:00",20156,12.31,7.199,7.037,0.229,6.245
"2019-11-18 17:15:00",20157,12.29,7.092,6.858,0.232,6.192
"2019-11-18 17:30:00",20158,12.21,6.786,6.537,0.235,6.131
"2019-11-18 17:45:00",20159,12.21,6.388,6.131,0.236,6.062
"2019-11-18 18:00:00",20160,12.32,5.963,5.702,0.236,6
"2019-11-18 18:15:00",20161,12.28,5.544,5.297,0.235,5.928
"2019-11-18 18:30:00",20162,12.25,5.125,4.908,0.233,5.844
"2019-11-18 18:45:00",20163,12.23,4.816,4.63,0.231,5.782
"2019-11-18 19:00:00",20164,12.25,4.609,4.48,0.229,5.727
"2019-11-18 19:15:00",20165,12.31,4.852,4.901,0.227,5.757
"2019-11-18 19:30:00",20166,12.3,5.333,5.362,0.225,5.786
"2019-11-18 19:45:00",20167,12.22,5.665,5.587,0.223,5.788
"2019-11-18 20:00:00",20168,12.31,5.698,5.57,0.222,5.785
"2019-11-18 20:15:00",20169,12.28,5.809,5.678,0.221,5.775
"2019-11-18 20:30:00",20170,12.28,5.717,5.565,0.219,5.746
"2019-11-18 20:45:00",20171,12.27,5.42,5.248,0.219,5.69
"2019-11-18 21:00:00",20172,12.22,5.261,5.093,0.218,5.642
"2019-11-18 21:15:00",20173,12.33,5.01,4.835,0.217,5.591
"2019-11-18 21:30:00",20174,12.29,4.815,4.648,0.217,5.539
"2019-11-18 21:45:00",20175,12.31,4.633,4.463,0.216,5.479
"2019-11-18 22:00:00",20176,12.21,4.452,4.284,0.215,5.423
"2019-11-18 22:15:00",20177,12.29,4.468,4.328,0.215,5.38
"2019-11-18 22:30:00",20178,12.29,4.261,4.105,0.215,5.346
"2019-11-18 22:45:00",20179,12.3,4.092,3.96,0.214,5.288
"2019-11-18 23:00:00",20180,12.21,4.064,3.951,0.214,5.271
"2019-11-18 23:15:00",20181,12.31,4.04,3.924,0.214,5.228
"2019-11-18 23:30:00",20182,12.31,4.06,3.988,0.214,5.224
"2019-11-18 23:45:00",20183,12.2,4.304,4.263,0.214,5.25
"2019-11-19 00:00:00",20184,12.28,4.602,4.583,0.214,5.28
"2019-11-19 00:15:00",20185,12.25,4.846,4.747,0.213,5.266
"2019-11-19 00:30:00",20186,12.27,4.857,4.714,0.213,5.236
"2019-11-19 00:45:00",20187,12.28,4.75,4.599,0.212,5.213
"2019-11-19 01:00:00",20188,12.23,4.663,4.529,0.213,5.192
"2019-11-19 01:15:00",20189,12.21,4.64,4.511,0.213,5.184
"2019-11-19 01:30:00",20190,12.28,4.48,4.265,0.213,5.138
"2019-11-19 01:45:00",20191,12.23,4.14,3.907,0.213,5.08
"2019-11-19 02:00:00",20192,12.26,3.797,3.591,0.213,5.026
"2019-11-19 02:15:00",20193,12.21,3.548,3.367,0.213,4.98
"2019-11-19 02:30:00",20194,12.21,3.417,3.287,0.213,4.958
"2019-11-19 02:45:00",20195,12.25,3.359,3.235,0.212,4.91
"2019-11-19 03:00:00",20196,12.27,3.324,3.208,0.212,4.882
"2019-11-19 03:15:00",20197,12.18,3.328,3.231,0.212,4.861
"2019-11-19 03:30:00",20198,12.3,3.308,3.179,0.212,4.826
"2019-11-19 03:45:00",20199,12.24,3.226,3.09,0.212,4.788
"2019-11-19 04:00:00",20200,12.2,3.161,3.029,0.212,4.751
"2019-11-19 04:15:00",20201,12.26,3.073,2.961,0.212,4.733
"2019-11-19 04:30:00",20202,12.24,3.058,2.939,0.211,4.704
"2019-11-19 04:45:00",20203,12.2,3.032,2.915,0.212,4.684
"2019-11-19 05:00:00",20204,12.24,3.04,2.927,0.212,4.678
"2019-11-19 05:15:00",20205,12.31,3.07,2.999,0.212,4.695
"2019-11-19 05:30:00",20206,12.19,3.197,3.127,0.211,4.708
"2019-11-19 05:45:00",20207,12.25,3.332,3.295,0.212,4.716
"2019-11-19 06:00:00",20208,12.27,3.532,3.475,0.211,4.738
"2019-11-19 06:15:00",20209,12.2,3.731,3.664,0.211,4.752
"2019-11-19 06:30:00",20210,12.27,3.822,3.694,0.211,4.756
"2019-11-19 06:45:00",20211,12.23,3.81,3.651,0.211,4.746
"2019-11-19 07:00:00",20212,12.3,3.708,3.557,0.211,4.731
"2019-11-19 07:15:00",20213,12.26,3.637,3.496,0.212,4.742
"2019-11-19 07:30:00",20214,12.31,3.66,3.569,0.211,4.801
"2019-11-19 07:45:00",20215,12.2,3.797,3.712,0.211,4.851
"2019-11-19 08:00:00",20216,12.27,3.979,3.917,0.211,4.899
"2019-11-19 08:15:00",20217,12.27,4.206,4.136,0.211,4.955
"2019-11-19 08:30:00",20218,12.22,4.467,4.411,0.211,5.046
"2019-11-19 08:45:00",20219,12.28,4.805,4.755,0.211,5.13
"2019-11-19 09:00:00",20220,12.21,5.173,5.13,0.211,5.208
"2019-11-19 09:15:00",20221,12.25,5.562,5.51,0.211,5.288
"2019-11-19 09:30:00",20222,12.25,5.971,5.874,0.211,5.392
"2019-11-19 09:45:00",20223,12.3,6.191,6.028,0.211,5.415
"2019-11-19 10:00:00",20224,12.2,6.262,6.144,0.211,5.517
"2019-11-19 10:15:00",20225,12.22,6.469,6.392,0.211,5.619
"2019-11-19 10:30:00",20226,12.24,6.748,6.701,0.211,5.734
"2019-11-19 10:45:00",20227,12.17,7.194,7.217,0.211,5.939
"2019-11-19 11:00:00",20228,12.2,7.671,7.629,0.211,6.033
"2019-11-19 11:15:00",20229,12.3,7.899,7.771,0.211,6.08
"2019-11-19 11:30:00",20230,12.19,7.962,7.789,0.211,6.116
"2019-11-19 11:45:00",20231,12.22,8.05,7.939,0.211,6.252
"2019-11-19 12:00:00",20232,12.22,8.29,8.17,0.211,6.37
"2019-11-19 12:15:00",20233,12.25,8.56,8.39,0.211,6.567
"2019-11-19 12:30:00",20234,12.2,8.74,8.55,0.211,6.6
"2019-11-19 12:45:00",20235,12.24,8.95,8.79,0.211,6.728
"2019-11-19 13:00:00",20236,12.24,9.18,9.02,0.211,6.804
"2019-11-19 13:15:00",20237,12.28,9.46,9.37,0.211,6.989
"2019-11-19 13:30:00",20238,12.22,9.81,9.62,0.211,7.013
"2019-11-19 13:45:00",20239,12.21,9.89,9.66,0.21,7.098
"2019-11-19 14:00:00",20240,12.29,9.89,9.65,0.21,7.109
"2019-11-19 14:15:00",20241,12.22,9.87,9.62,0.211,7.145
"2019-11-19 14:30:00",20242,12.19,10.03,9.82,0.211,7.304
"2019-11-19 14:45:00",20243,12.28,10.09,9.83,0.211,7.262
"2019-11-19 15:00:00",20244,12.21,10.05,9.78,0.21,7.232
"2019-11-19 15:15:00",20245,12.18,9.85,9.55,0.211,7.119
"2019-11-19 15:30:00",20246,12.29,9.81,9.58,0.21,7.105
"2019-11-19 15:45:00",20247,12.25,9.78,9.57,0.211,7.077
"2019-11-19 16:00:00",20248,12.3,9.59,9.36,0.21,7.03
"2019-11-19 16:15:00",20249,12.23,9.44,9.2,0.211,6.992
"2019-11-19 16:30:00",20250,12.22,9.31,9.07,0.21,6.934
"2019-11-19 16:45:00",20251,12.21,9.14,8.87,0.21,6.884
"2019-11-19 17:00:00",20252,12.3,8.84,8.54,0.21,6.806
"2019-11-19 17:15:00",20253,12.28,8.43,8.14,0.21,6.737
"2019-11-19 17:30:00",20254,12.3,7.968,7.667,0.21,6.648
"2019-11-19 17:45:00",20255,12.27,7.511,7.262,0.211,6.581
"2019-11-19 18:00:00",20256,12.28,7.158,6.943,0.21,6.531
"2019-11-19 18:15:00",20257,12.22,7.054,6.865,0.21,6.476
"2019-11-19 18:30:00",20258,12.2,6.715,6.564,0.21,6.445
"2019-11-19 18:45:00",20259,12.31,6.617,6.493,0.21,6.414
"2019-11-19 19:00:00",20260,12.26,6.55,6.418,0.21,6.378
"2019-11-19 19:15:00",20261,12.24,6.467,6.319,0.21,6.331
"2019-11-19 19:30:00",20262,12.26,6.367,6.245,0.21,6.306
"2019-11-19 19:45:00",20263,12.2,6.334,6.221,0.21,6.288
"2019-11-19 20:00:00",20264,12.29,6.365,6.263,0.21,6.272
"2019-11-19 20:15:00",20265,12.3,6.386,6.285,0.21,6.257
"2019-11-19 20:30:00",20266,12.21,6.41,6.302,0.21,6.243
"2019-11-19 20:45:00",20267,12.21,6.437,6.334,0.21,6.234
"2019-11-19 21:00:00",20268,12.3,6.472,6.366,0.21,6.221
"2019-11-19 21:15:00",20269,12.2,6.524,6.418,0.21,6.211
"2019-11-19 21:30:00",20270,12.25,6.551,6.432,0.21,6.206
"2019-11-19 21:45:00",20271,12.28,6.542,6.421,0.21,6.199
"2019-11-19 22:00:00",20272,12.26,6.548,6.427,0.21,6.187
"2019-11-19 22:15:00",20273,12.24,6.501,6.367,0.21,6.172
"2019-11-19 22:30:00",20274,12.19,6.447,6.305,0.21,6.154
"2019-11-19 22:45:00",20275,12.27,6.355,6.205,0.21,6.133
"2019-11-19 23:00:00",20276,12.28,6.263,6.126,0.21,6.112
"2019-11-19 23:15:00",20277,12.29,6.171,6.02,0.21,6.092
"2019-11-19 23:30:00",20278,12.25,6.069,5.93,0.21,6.066
"2019-11-19 23:45:00",20279,12.21,5.944,5.766,0.21,6.02
"2019-11-20 00:00:00",20280,12.26,5.731,5.53,0.21,5.957
"2019-11-20 00:15:00",20281,12.28,5.502,5.327,0.21,5.894
"2019-11-20 00:30:00",20282,12.22,5.303,5.146,0.21,5.853
"2019-11-20 00:45:00",20283,12.25,5.137,4.983,0.209,5.8
"2019-11-20 01:00:00",20284,12.27,4.984,4.863,0.21,5.775
"2019-11-20 01:15:00",20285,12.19,5.012,4.98,0.21,5.775
"2019-11-20 01:30:00",20286,12.2,5.465,5.508,0.21,5.79
"2019-11-20 01:45:00",20287,12.18,5.792,5.728,0.21,5.791
"2019-11-20 02:00:00",20288,12.25,5.927,5.83,0.21,5.785
"2019-11-20 02:15:00",20289,12.29,5.963,5.851,0.21,5.771
"2019-11-20 02:30:00",20290,12.21,5.951,5.815,0.21,5.753
"2019-11-20 02:45:00",20291,12.27,5.788,5.563,0.209,5.701
"2019-11-20 03:00:00",20292,12.27,5.461,5.228,0.21,5.636
"2019-11-20 03:15:00",20293,12.29,5.118,4.93,0.209,5.561
"2019-11-20 03:30:00",20294,12.24,4.946,4.833,0.209,5.514
"2019-11-20 03:45:00",20295,12.3,5.19,5.169,0.209,5.488
"2019-11-20 04:00:00",20296,12.22,5.531,5.507,0.209,5.475
"2019-11-20 04:15:00",20297,12.27,5.792,5.739,0.21,5.465
"2019-11-20 04:30:00",20298,12.27,5.902,5.77,0.209,5.458
"2019-11-20 04:45:00",20299,12.22,5.923,5.763,0.209,5.435
"2019-11-20 05:00:00",20300,12.25,5.701,5.474,0.209,5.401
"2019-11-20 05:15:00",20301,12.24,5.328,5.082,0.209,5.353
"2019-11-20 05:30:00",20302,12.18,4.984,4.778,0.21,5.327
"2019-11-20 05:45:00",20303,12.18,4.822,4.706,0.209,5.307
"2019-11-20 06:00:00",20304,12.24,4.847,4.768,0.209,5.288
"2019-11-20 06:15:00",20305,12.23,4.991,4.911,0.21,5.259
"2019-11-20 06:30:00",20306,12.23,5.004,4.86,0.209,5.212
"2019-11-20 06:45:00",20307,12.18,5.042,4.94,0.21,5.164
"2019-11-20 07:00:00",20308,12.29,5.171,5.141,0.209,5.152
"2019-11-20 07:15:00",20309,12.23,5.586,5.585,0.209,5.157
"2019-11-20 07:30:00",20310,12.18,6.031,6.034,0.209,5.17
"2019-11-20 07:45:00",20311,12.23,6.338,6.265,0.209,5.208
"2019-11-20 08:00:00",20312,12.29,6.632,6.564,0.209,5.251
"2019-11-20 08:15:00",20313,12.23,6.919,6.841,0.208,5.312
"2019-11-20 08:30:00",20314,12.2,7.211,7.141,0.208,5.408
"2019-11-20 08:45:00",20315,12.3,7.471,7.358,0.209,5.47
"2019-11-20 09:00:00",20316,12.21,7.761,7.719,0.209,5.59
"2019-11-20 09:15:00",20317,12.29,8.19,8.08,0.208,5.642
"2019-11-20 09:30:00",20318,12.3,8.39,8.25,0.209,5.675
"2019-11-20 09:45:00",20319,12.24,8.58,8.44,0.209,5.688
"2019-11-20 10:00:00",20320,12.2,8.8,8.67,0.21,5.725
"2019-11-20 10:15:00",20321,12.26,9.1,9,0.208,5.792
"2019-11-20 10:30:00",20322,12.19,9.46,9.38,0.209,5.883
"2019-11-20 10:45:00",20323,12.26,9.92,9.78,0.209,5.976
"2019-11-20 11:00:00",20324,12.31,10.23,10.17,0.208,6.158
"2019-11-20 11:15:00",20325,12.23,10.6,10.42,0.208,6.318
"2019-11-20 11:30:00",20326,12.26,10.77,10.55,0.208,6.44
"2019-11-20 11:45:00",20327,12.19,10.91,10.73,0.208,6.624
"2019-11-20 12:00:00",20328,12.24,11.25,11.13,0.209,6.873
"2019-11-20 12:15:00",20329,12.28,11.48,11.26,0.208,7.002
"2019-11-20 12:30:00",20330,12.22,11.68,11.54,0.209,7.208
"2019-11-20 12:45:00",20331,12.25,12.04,11.86,0.209,7.409
"2019-11-20 13:00:00",20332,12.18,12.24,11.99,0.208,7.547
"2019-11-20 13:15:00",20333,12.25,12.44,12.15,0.209,7.61
"2019-11-20 13:30:00",20334,12.2,12.52,12.14,0.209,7.674
"2019-11-20 13:45:00",20335,12.25,12.41,12.07,0.209,7.767
"2019-11-20 14:00:00",20336,12.19,12.12,11.82,0.209,7.749
"2019-11-20 14:15:00",20337,12.25,12.03,11.79,0.208,7.844
"2019-11-20 14:30:00",20338,12.21,12.07,11.82,0.209,7.822
"2019-11-20 14:45:00",20339,12.24,11.93,11.67,0.208,7.747
"2019-11-20 15:00:00",20340,12.21,11.83,11.64,0.208,7.683
"2019-11-20 15:15:00",20341,12.27,11.93,11.7,0.208,7.634
"2019-11-20 15:30:00",20342,12.61,11.78,11.5,0.208,7.566
"2019-11-20 15:45:00",20343,12.67,11.55,11.24,0.208,7.429
"2019-11-20 16:00:00",20344,12.57,11.19,10.92,0.208,7.342
"2019-11-20 16:15:00",20345,12.67,10.87,10.66,0.208,7.283
"2019-11-20 16:30:00",20346,12.67,10.62,10.41,0.208,7.211
"2019-11-20 16:45:00",20347,12.57,10.24,9.96,0.208,7.119
"2019-11-20 17:00:00",20348,12.64,9.78,9.55,0.208,6.999
"2019-11-20 17:15:00",20349,12.53,9.38,9.17,0.208,6.906
"2019-11-20 17:30:00",20350,12.66,9.05,8.85,0.208,6.823
"2019-11-20 17:45:00",20351,12.59,8.73,8.54,0.208,6.739
"2019-11-20 18:00:00",20352,12.62,8.43,8.3,0.208,6.654
"2019-11-20 18:15:00",20353,12.57,8.42,8.33,0.208,6.575
"2019-11-20 18:30:00",20354,12.63,8.49,8.37,0.208,6.499
"2019-11-20 18:45:00",20355,12.55,8.16,7.995,0.207,6.446
"2019-11-20 19:00:00",20356,12.54,8.08,8.01,0.208,6.369
"2019-11-20 19:15:00",20357,12.6,8.14,8.03,0.208,6.317
"2019-11-20 19:30:00",20358,12.53,7.929,7.732,0.208,6.262
"2019-11-20 19:45:00",20359,12.55,7.387,7.144,0.208,6.194
"2019-11-20 20:00:00",20360,12.63,7.048,6.846,0.208,6.121
"2019-11-20 20:15:00",20361,12.55,6.396,6.21,0.208,6.042
"2019-11-20 20:30:00",20362,12.56,6.068,5.927,0.208,5.997
"2019-11-20 20:45:00",20363,12.62,5.824,5.677,0.208,5.931
"2019-11-20 21:00:00",20364,12.63,5.6,5.492,0.208,5.872
"2019-11-20 21:15:00",20365,12.63,5.468,5.425,0.208,5.831
"2019-11-20 21:30:00",20366,12.61,5.673,5.731,0.208,5.81
"2019-11-20 21:45:00",20367,12.52,5.901,5.838,0.208,5.783
"2019-11-20 22:00:00",20368,12.53,5.875,5.796,0.208,5.755
"2019-11-20 22:15:00",20369,12.55,5.948,5.906,0.208,5.73
"2019-11-20 22:30:00",20370,12.56,6.097,6.02,0.208,5.707
"2019-11-20 22:45:00",20371,12.62,5.833,5.625,0.208,5.647
"2019-11-20 23:00:00",20372,12.64,5.316,5.138,0.208,5.592
"2019-11-20 23:15:00",20373,12.49,4.997,4.886,0.208,5.525
"2019-11-20 23:30:00",20374,12.64,4.932,4.879,0.208,5.502
"2019-11-20 23:45:00",20375,12.6,4.942,4.867,0.208,5.505
"2019-11-21 00:00:00",20376,12.54,4.85,4.755,0.208,5.489
"2019-11-21 00:15:00",20377,12.59,4.679,4.578,0.208,5.415
"2019-11-21 00:30:00",20378,12.51,4.645,4.553,0.208,5.379
"2019-11-21 00:45:00",20379,12.61,4.569,4.467,0.208,5.359
"2019-11-21 01:00:00",20380,12.58,4.431,4.331,0.207,5.341
"2019-11-21 01:15:00",20381,12.59,4.391,4.275,0.208,5.317
"2019-11-21 01:30:00",20382,12.58,4.093,3.997,0.208,5.292
"2019-11-21 01:45:00",20383,12.53,3.95,3.866,0.208,5.266
"2019-11-21 02:00:00",20384,12.63,3.869,3.784,0.208,5.224
"2019-11-21 02:15:00",20385,12.53,3.75,3.663,0.208,5.191
"2019-11-21 02:30:00",20386,12.56,3.716,3.666,0.208,5.137
"2019-11-21 02:45:00",20387,12.59,3.782,3.703,0.207,5.113
"2019-11-21 03:00:00",20388,12.6,3.789,3.752,0.208,5.089
"2019-11-21 03:15:00",20389,12.49,3.828,3.752,0.208,5.049
"2019-11-21 03:30:00",20390,12.57,3.866,3.815,0.208,5.006
"2019-11-21 03:45:00",20391,12.59,3.894,3.846,0.208,5.001
"2019-11-21 04:00:00",20392,12.51,3.93,3.868,0.208,4.984
"2019-11-21 04:15:00",20393,12.59,4.027,4.001,0.208,4.962
"2019-11-21 04:30:00",20394,12.61,4.128,4.071,0.208,4.943
"2019-11-21 04:45:00",20395,12.51,4.145,4.047,0.208,4.933
"2019-11-21 05:00:00",20396,12.49,4.015,3.874,0.208,4.888
"2019-11-21 05:15:00",20397,12.56,3.848,3.726,0.208,4.847
"2019-11-21 05:30:00",20398,12.54,3.723,3.615,0.208,4.813
"2019-11-21 05:45:00",20399,12.47,3.686,3.609,0.208,4.79
"2019-11-21 06:00:00",20400,12.51,3.664,3.569,0.208,4.771
"2019-11-21 06:15:00",20401,12.55,3.581,3.501,0.207,4.741
"2019-11-21 06:30:00",20402,12.54,3.482,3.355,0.207,4.725
"2019-11-21 06:45:00",20403,12.5,3.427,3.339,0.208,4.688
"2019-11-21 07:00:00",20404,12.51,3.325,3.227,0.208,4.663
"2019-11-21 07:15:00",20405,12.5,3.214,3.111,0.208,4.631
"2019-11-21 07:30:00",20406,12.58,3.222,3.178,0.208,4.59
"2019-11-21 07:45:00",20407,12.49,3.381,3.351,0.207,4.585
"2019-11-21 08:00:00",20408,12.52,3.571,3.53,0.208,4.602
"2019-11-21 08:15:00",20409,12.56,3.671,3.61,0.208,4.628
"2019-11-21 08:30:00",20410,12.5,3.861,3.895,0.208,4.709
"2019-11-21 08:45:00",20411,12.51,4.342,4.418,0.208,4.802
"2019-11-21 09:00:00",20412,12.57,4.918,4.993,0.207,4.911
"2019-11-21 09:15:00",20413,12.49,5.496,5.515,0.208,4.961
"2019-11-21 09:30:00",20414,12.48,6.097,6.228,0.208,5.167
"2019-11-21 09:45:00",20415,12.46,6.999,7.179,0.208,5.372
"2019-11-21 10:00:00",20416,12.49,7.873,7.959,0.208,5.517
"2019-11-21 10:15:00",20417,12.44,8.58,8.51,0.208,5.64
"2019-11-21 10:30:00",20418,12.48,8.87,8.86,0.208,5.828
"2019-11-21 10:45:00",20419,12.5,9.52,9.5,0.208,6.015
"2019-11-21 11:00:00",20420,12.45,9.9,9.78,0.208,6.139
"2019-11-21 11:15:00",20421,12.57,10.38,10.31,0.208,6.334
"2019-11-21 11:30:00",20422,12.53,10.83,10.72,0.208,6.47
"2019-11-21 11:45:00",20423,12.46,11.01,10.8,0.208,6.508
"2019-11-21 12:00:00",20424,12.52,11.15,10.9,0.209,6.567
"2019-11-21 12:15:00",20425,12.57,11.18,10.95,0.208,6.657
"2019-11-21 12:30:00",20426,12.56,11.2,11,0.208,6.782
"2019-11-21 12:45:00",20427,12.5,11.26,11.06,0.208,6.892
"2019-11-21 13:00:00",20428,12.52,11.4,11.17,0.208,6.976
"2019-11-21 13:15:00",20429,12.53,11.44,11.26,0.208,7.072
"2019-11-21 13:30:00",20430,12.53,11.79,11.71,0.209,7.302
"2019-11-21 13:45:00",20431,12.51,12.29,12.23,0.208,7.511
"2019-11-21 14:00:00",20432,12.47,12.62,12.35,0.209,7.558
"2019-11-21 14:15:00",20433,12.55,12.56,12.25,0.209,7.438
"2019-11-21 14:30:00",20434,12.46,12.28,11.99,0.208,7.452
"2019-11-21 14:45:00",20435,12.53,12.2,11.96,0.209,7.462
"2019-11-21 15:00:00",20436,12.52,12.24,12.03,0.208,7.499
"2019-11-21 15:15:00",20437,12.55,12.22,11.98,0.208,7.459
"2019-11-21 15:30:00",20438,12.48,12.06,11.82,0.208,7.418
"2019-11-21 15:45:00",20439,12.47,11.9,11.68,0.208,7.404
"2019-11-21 16:00:00",20440,12.54,11.8,11.61,0.208,7.405
"2019-11-21 16:15:00",20441,12.56,11.8,11.59,0.209,7.435
"2019-11-21 16:30:00",20442,12.48,11.65,11.4,0.208,7.367
"2019-11-21 16:45:00",20443,12.54,11.39,11.18,0.208,7.371
"2019-11-21 17:00:00",20444,12.45,11.22,11.03,0.208,7.341
"2019-11-21 17:15:00",20445,12.34,13.61,13.21,0.208,7.313
"2019-11-21 17:30:00",20446,12.43,14.58,13.73,0.208,7.291
"2019-11-21 17:45:00",20447,12.4,14.93,13.94,0.209,7.273
"2019-11-21 18:00:00",20448,12.46,15.09,14.04,0.208,7.259
"2019-11-21 18:15:00",20449,12.46,15.23,14.13,0.208,7.24
"2019-11-21 18:30:00",20450,12.43,15.07,13.95,0.208,7.224
"2019-11-21 18:45:00",20451,12.42,15.14,14.01,0.208,7.2
"2019-11-21 19:00:00",20452,12.48,14.87,13.75,0.208,7.175
"2019-11-21 19:15:00",20453,12.45,14.6,13.38,0.208,7.117
"2019-11-21 19:30:00",20454,12.42,14.22,13.04,0.208,7.084
"2019-11-21 19:45:00",20455,12.48,13.78,12.51,0.208,7
"2019-11-21 20:00:00",20456,12.44,13.29,12.08,0.208,6.956
"2019-11-21 20:15:00",20457,12.49,12.95,11.85,0.208,6.94
"2019-11-21 20:30:00",20458,12.45,12.86,11.78,0.209,6.905
"2019-11-21 20:45:00",20459,12.41,12.75,11.69,0.208,6.893
"2019-11-21 21:00:00",20460,12.48,12.68,11.58,0.209,6.848
"2019-11-21 21:15:00",20461,12.46,12.4,11.25,0.209,6.77
"2019-11-21 21:30:00",20462,12.42,11.96,10.78,0.209,6.702
"2019-11-21 21:45:00",20463,12.47,11.57,10.45,0.209,6.644
"2019-11-21 22:00:00",20464,12.46,11.29,10.21,0.208,6.596
"2019-11-21 22:15:00",20465,12.4,11.28,10.41,0.209,6.638
"2019-11-21 22:30:00",20466,12.46,11.57,10.64,0.209,6.652
"2019-11-21 22:45:00",20467,12.49,12.14,11.31,0.209,6.716
"2019-11-21 23:00:00",20468,12.41,12.65,11.65,0.208,6.736
"2019-11-21 23:15:00",20469,12.44,12.84,11.8,0.209,6.745
"2019-11-21 23:30:00",20470,12.48,12.87,11.8,0.209,6.74
"2019-11-21 23:45:00",20471,12.44,12.96,11.94,0.209,6.764
"2019-11-22 00:00:00",20472,12.47,13.04,12,0.208,6.771
"2019-11-22 00:15:00",20473,12.45,12.9,11.76,0.209,6.711
"2019-11-22 00:30:00",20474,12.44,12.54,11.38,0.209,6.658
"2019-11-22 00:45:00",20475,12.47,12.17,11.06,0.209,6.615
"2019-11-22 01:00:00",20476,12.41,11.93,10.88,0.208,6.594
"2019-11-22 01:15:00",20477,12.5,11.91,10.87,0.209,6.583
"2019-11-22 01:30:00",20478,12.45,11.99,11.12,0.209,6.59
"2019-11-22 01:45:00",20479,12.43,12.48,11.66,0.209,6.632
"2019-11-22 02:00:00",20480,12.43,13.17,12.32,0.209,6.649
"2019-11-22 02:15:00",20481,12.46,13.71,12.8,0.209,6.649
"2019-11-22 02:30:00",20482,12.42,14.17,13.28,0.209,6.735
"2019-11-22 02:45:00",20483,12.44,14.74,13.82,0.209,6.77
"2019-11-22 03:00:00",20484,12.45,15.22,14.17,0.209,6.766
"2019-11-22 03:15:00",20485,12.43,15.12,13.92,0.209,6.765
"2019-11-22 03:30:00",20486,12.4,14.7,13.5,0.209,6.767
"2019-11-22 03:45:00",20487,12.44,14.36,13.19,0.209,6.771
"2019-11-22 04:00:00",20488,12.44,13.93,12.79,0.209,6.747
