"TOA5","10344","CR3000","10344","CR3000.Std.32.02","CPU:CR3000_6Sensors_4APR18.CR3","50113","stats"
"TIMESTAMP","RECORD","AirTC_mean","e_hmp_mean","RH_mean","t_dew_hmp_mean","duty_cycle"
"TS","RN","C","kPa","percent","C",""
"","","Smp","Smp","Smp","Smp","Smp"
"2018-04-05 12:25:00",0,10.75307,0.4648873,36.02278,-3.704125,1
"2018-04-05 12:26:00",1,10.86377,0.4677254,35.97775,-3.622364,1
"2018-04-05 12:27:00",2,10.99006,0.4714633,35.95329,-3.51914,1
"2018-04-05 12:28:00",3,12.15494,0.5263312,37.05348,-2.076034,1
"2018-04-05 12:29:00",4,14.28014,0.623486,38.22419,0.2470095,1
"2018-04-05 12:30:00",5,19.35057,0.9763225,42.63417,6.349095,1
"2018-04-05 12:31:00",6,24.47906,1.372027,44.46102,11.60912,1
"2018-04-05 12:32:00",7,15.66991,0.6633427,36.7744,0.9511474,1
"2018-04-05 12:33:00",8,14.08558,0.5954827,37.06118,-0.3521193,1
"2018-04-05 12:34:00",9,13.68261,0.58844,37.58596,-0.5185147,1
"2018-04-05 12:35:00",10,13.8694,0.5963943,37.64052,-0.331851,1
"2018-04-05 12:36:00",11,14.4036,0.6010582,36.6334,-0.2285099,1
"2018-04-05 12:37:00",12,14.66594,0.5985559,35.87982,-0.2811269,1
"2018-04-05 12:38:00",13,14.65911,0.5922329,35.5163,-0.427053,1
"2018-04-05 12:39:00",14,17.72985,0.817869,39.78706,3.897548,1
"2018-04-05 12:40:00",15,20.6732,1.001054,40.7474,6.882142,1
"2018-04-05 12:41:00",16,18.78985,0.8673021,39.9939,4.922216,1
"2018-04-05 12:42:00",17,18.79735,0.8798515,40.40452,5.075538,1
"2018-04-05 12:43:00",18,20.52325,1.022597,42.31874,7.299462,1
"2018-04-05 12:44:00",19,20.27366,1.004492,42.23262,7.04459,1
"2018-04-05 12:45:00",20,20.40388,1.016037,42.3613,7.206468,1
"2018-04-05 12:46:00",21,20.47146,1.011506,42.01313,7.146868,1
"2018-04-05 12:47:00",22,20.48645,0.990299,41.09187,6.837,1
"2018-04-05 12:48:00",23,20.30484,1.001659,42.02754,7.001695,1
"2018-04-05 12:49:00",24,20.62133,1.063903,43.77758,7.884762,1
"2018-04-05 12:50:00",25,20.39365,0.9898353,41.31669,6.833025,1
"2018-04-05 12:51:00",26,18.3703,0.8659945,40.11904,4.590585,1
"2018-04-05 12:52:00",27,10.20635,0.3758311,30.20408,-6.511292,1
"2018-04-05 12:53:00",28,9.77832,0.3461983,28.63324,-7.577234,1
"2018-04-05 12:54:00",29,10.00898,0.3613562,29.42937,-7.021473,1
"2018-04-05 12:55:00",30,10.33222,0.3715658,29.61221,-6.659578,1
"2018-04-05 12:56:00",31,10.7207,0.3825604,29.70876,-6.278883,1
"2018-04-05 12:57:00",32,10.68499,0.3878271,30.18894,-6.100274,1
"2018-04-05 12:58:00",33,10.34744,0.362246,28.84133,-6.989504,1
"2018-04-05 12:59:00",34,10.23123,0.3816359,30.62193,-6.310193,1
"2018-04-05 13:00:00",35,10.16808,0.364169,29.34448,-6.920602,1
"2018-04-05 13:01:00",36,10.23739,0.3686227,29.5659,-6.762506,1
"2018-04-05 13:02:00",37,10.31123,0.3955226,31.56624,-5.842519,1
"2018-04-05 13:03:00",38,10.27746,0.3838365,30.70351,-6.235011,1
"2018-04-05 13:04:00",39,10.27107,0.3756439,30.06117,-6.516704,1
"2018-04-05 13:05:00",40,10.45775,0.3932301,31.0769,-5.919069,1
"2018-04-05 13:06:00",41,10.51579,0.3715887,29.25326,-6.658767,1
"2018-04-05 13:07:00",42,10.77485,0.3912084,30.26829,-5.987507,1
"2018-04-05 13:08:00",43,11.26465,0.3841367,28.76692,-6.227332,1
"2018-04-05 13:09:00",44,14.3424,0.5343892,32.51653,-1.910362,1
"2018-04-05 13:10:00",45,16.13814,0.6073638,33.1226,-0.08082127,1
"2018-04-05 13:11:00",46,15.87228,0.6100636,33.84014,-0.01963463,1
"2018-04-05 13:12:00",47,16.87402,0.6510053,33.76778,0.8330418,1
"2018-04-05 13:13:00",48,18.77568,0.7777154,35.89747,3.369487,1
"2018-04-05 13:14:00",49,18.40974,0.7598488,35.87909,3.038115,1
"2018-04-05 13:15:00",50,18.50945,0.7672138,36.00901,3.177541,1
"2018-04-05 13:16:00",51,19.07866,0.8191052,37.07605,4.097186,1
"2018-04-05 13:17:00",52,19.88457,0.8557465,36.86069,4.729906,1
"2018-04-05 13:18:00",53,20.31542,0.9157511,38.4044,5.70314,1
"2018-04-05 13:19:00",54,20.64325,0.9356811,38.45607,6.014966,1
"2018-04-05 13:20:00",55,21.20903,0.9740104,38.66194,6.597109,1
"2018-04-05 13:21:00",56,20.93864,0.9895304,39.93862,6.828135,1
"2018-04-05 13:22:00",57,21.14965,1.015006,40.43736,7.198296,1
"2018-04-05 13:23:00",58,19.60763,0.9092478,39.83983,5.599802,1
"2018-04-05 13:24:00",59,19.13192,0.9059515,40.88275,5.545424,1
"2018-04-05 13:25:00",60,19.21257,0.8945067,40.16716,5.363488,1
"2018-04-05 13:26:00",61,19.05526,0.8542469,38.7496,4.706871,1
"2018-04-05 13:27:00",62,19.17318,0.8789584,39.56382,5.110561,1
"2018-04-05 13:28:00",63,19.0065,0.8492866,38.62073,4.61564,1
"2018-04-05 13:29:00",64,20.01203,0.928729,39.64916,5.892759,1
"2018-04-05 13:30:00",65,33.22836,3.016895,54.30413,22.77201,1
"2018-04-05 13:31:00",66,26.0205,1.427735,42.386,12.27539,1
"2018-04-05 13:32:00",67,25.93951,1.468748,43.82496,12.71103,1
"2018-04-05 13:33:00",68,26.52224,1.565334,45.1257,13.68638,1
"2018-04-05 13:34:00",69,26.53027,1.565656,45.07275,13.67559,1
"2018-04-05 13:35:00",70,42.40048,5.486643,62.3646,33.68272,1
"2018-04-05 13:59:00",0,18.97006,0.9107302,41.54596,5.631814,1
"2018-04-05 14:00:00",1,19.67714,0.8841666,38.57742,5.198352,1
"2018-04-05 14:01:00",2,21.55516,1.05761,41.07933,7.792946,1
"2018-04-05 14:02:00",3,20.57574,0.950664,38.8143,6.088922,1
"2018-04-05 14:08:00",0,19.56812,0.7355042,32.31659,2.583419,1
"2018-04-05 14:09:00",1,19.27953,0.7240319,32.38767,2.361857,1
"2018-04-05 14:10:00",2,17.10114,0.5923673,30.28441,-0.4703462,1
"2018-04-05 14:11:00",3,15.6322,0.4991859,28.12145,-2.749929,1
"2018-04-05 14:12:00",4,15.50147,0.5107658,29.01729,-2.440157,1
"2018-04-05 14:13:00",5,15.70031,0.5167003,28.98264,-2.284118,1
"2018-04-05 14:14:00",6,15.88301,0.5115908,28.36295,-2.418116,1
"2018-04-05 14:15:00",7,17.32292,0.5730357,28.97836,-0.8819313,1
"2018-04-05 14:16:00",8,17.41747,0.5786319,29.08887,-0.7480507,1
"2018-04-05 14:17:00",9,17.03574,0.5750469,29.61946,-0.8313457,1
"2018-04-05 14:18:00",10,17.55062,0.6023462,30.00386,-0.2076742,1
"2018-04-05 14:19:00",11,18.85205,0.6874676,31.36815,1.54069,1
"2018-04-05 14:20:00",12,16.04541,0.4744991,26.0355,-3.429736,1
"2018-04-05 14:21:00",13,15.59668,0.4346796,24.54565,-4.597361,1
"2018-04-05 14:22:00",14,15.52621,0.4548935,25.80229,-3.99382,1
"2018-04-05 14:23:00",15,14.42847,0.4139434,25.19847,-5.244994,1
"2018-04-05 14:24:00",16,14.13724,0.4037302,25.04743,-5.572512,1
"2018-04-05 14:25:00",17,14.39065,0.4174735,25.47822,-5.13163,1
"2018-04-05 14:26:00",18,14.48802,0.4072575,24.69705,-5.459025,1
"2018-04-05 14:27:00",19,14.29779,0.4173356,25.62324,-5.13606,1
"2018-04-05 14:28:00",20,13.23064,0.3873275,25.4744,-6.124709,1
"2018-04-05 14:29:00",21,12.27457,0.3759564,26.34303,-6.505527,1
"2018-04-05 14:30:00",22,12.41679,0.3662438,25.42253,-6.847003,1
"2018-04-05 14:31:00",23,12.36313,0.3394956,23.64649,-7.830745,1
"2018-04-05 14:32:00",24,11.57206,0.3417821,25.08496,-7.742073,1
"2018-04-05 14:33:00",25,11.59771,0.3483228,25.52177,-7.497066,1
"2018-04-05 14:34:00",26,11.76408,0.3481443,25.22873,-7.504167,1
"2018-04-05 14:35:00",27,12.05344,0.3419008,24.30842,-7.737593,1
"2018-04-05 14:36:00",28,11.9468,0.3418795,24.4786,-7.738324,1
"2018-04-05 14:37:00",29,12.06139,0.3493829,24.82697,-7.458029,1
"2018-04-05 14:38:00",30,12.04033,0.3555111,25.29734,-7.23291,1
"2018-04-05 14:39:00",31,11.61734,0.3662075,26.7963,-6.848112,1
"2018-04-05 14:40:00",32,11.72966,0.3500384,25.42395,-7.433869,1
"2018-04-05 14:41:00",33,11.87046,0.3511676,25.27003,-7.392087,1
"2018-04-05 14:42:00",34,12.14229,0.3491639,24.68,-7.465874,1
"2018-04-05 14:43:00",35,12.15524,0.3427408,24.20519,-7.705936,1
"2018-04-05 14:44:00",36,11.92242,0.3268028,23.43646,-8.319247,1
"2018-04-05 14:45:00",37,11.385,0.3072251,22.82903,-9.110336,1
"2018-04-05 14:46:00",38,11.32054,0.3401427,25.38402,-7.80412,1
"2018-04-05 14:47:00",39,11.40127,0.3407825,25.29606,-7.779866,1
"2018-04-05 14:48:00",40,11.67338,0.3306968,24.10828,-8.167414,1
"2018-04-05 14:49:00",41,12.05163,0.3267345,23.23281,-8.321892,1
"2018-04-05 14:50:00",42,12.36464,0.3319369,23.12076,-8.119122,1
"2018-04-05 14:51:00",43,13.10899,0.345912,22.9466,-7.587271,1
"2018-04-05 14:52:00",44,13.02667,0.3289983,21.94151,-8.23399,1
"2018-04-05 14:53:00",45,12.69322,0.3341679,22.77949,-8.032782,1
"2018-04-05 14:54:00",46,12.90873,0.3312797,22.26651,-8.144164,1
"2018-04-05 14:55:00",47,12.53881,0.3131394,21.56277,-8.867076,1
"2018-04-05 14:56:00",48,12.34266,0.3242079,22.61551,-8.421612,1
"2018-04-05 14:57:00",49,12.38826,0.3216049,22.36697,-8.524912,1
"2018-04-05 14:58:00",50,12.33716,0.31614,22.06084,-8.74449,1
"2018-04-05 14:59:00",51,12.48001,0.3210825,22.19655,-8.545661,1
"2018-04-05 15:00:00",52,12.41214,0.3369477,23.39645,-7.926266,1
"2018-04-05 15:01:00",53,11.91622,0.3390173,24.32248,-7.846912,1
"2018-04-05 15:02:00",54,11.76473,0.3353692,24.30264,-7.98635,1
"2018-04-05 15:03:00",55,11.8137,0.3137148,22.6601,-8.842964,1
"2018-04-05 15:04:00",56,11.92906,0.3054776,21.8978,-9.182661,1
"2018-04-05 15:05:00",57,11.99925,0.317411,22.64749,-8.693409,1
"2018-04-05 15:06:00",58,12.15038,0.3369294,23.80233,-7.926582,1
"2018-04-05 15:07:00",59,12.04651,0.3467853,24.6667,-7.554477,1
"2018-04-05 15:08:00",60,12.07719,0.3376214,23.96652,-7.900128,1
"2018-04-05 15:09:00",61,12.0574,0.3318921,23.59056,-8.120562,1
"2018-04-05 15:10:00",62,12.13641,0.3450509,24.39858,-7.619172,1
"2018-04-05 15:11:00",63,12.35719,0.3495512,24.3604,-7.451514,1
"2018-04-05 15:12:00",64,12.27397,0.3369216,23.6089,-7.926882,1
"2018-04-05 15:13:00",65,12.14182,0.3246072,22.94477,-8.405772,1
"2018-04-05 15:14:00",66,11.91751,0.3132693,22.4731,-8.861294,1
"2018-04-05 15:15:00",67,11.91433,0.3174769,22.78021,-8.690314,1
"2018-04-05 15:16:00",68,11.88326,0.3254694,23.40149,-8.371611,1
"2018-04-05 15:17:00",69,11.72256,0.3261834,23.70324,-8.343391,1
"2018-04-05 15:18:00",70,11.88206,0.3095649,22.25923,-9.013362,1
"2018-04-05 15:19:00",71,11.9139,0.3037656,21.7968,-9.25434,1
"2018-04-05 15:20:00",72,12.20062,0.3161081,22.25745,-8.745924,1
"2018-04-05 15:21:00",73,12.36192,0.3067292,21.36952,-9.130482,1
"2018-04-05 15:22:00",74,12.39211,0.3175215,22.07737,-8.688654,1
"2018-04-05 15:23:00",75,12.56429,0.347717,23.90504,-7.519587,1
"2018-04-05 15:24:00",76,12.46295,0.3447582,23.85993,-7.630043,1
"2018-04-05 15:25:00",77,12.15115,0.3114313,21.99999,-8.936369,1
"2018-04-05 15:26:00",78,12.09493,0.3255411,23.0823,-8.368706,1
"2018-04-05 15:27:00",79,12.0849,0.3204112,22.73358,-8.572467,1
"2018-04-05 15:28:00",80,12.31075,0.3126026,21.85132,-8.888761,1
"2018-04-05 15:29:00",81,12.54175,0.3093118,21.29632,-9.023467,1
"2018-04-05 15:30:00",82,12.42928,0.3197431,22.17765,-8.599299,1
"2018-04-05 15:31:00",83,12.25372,0.3129162,21.95621,-8.875518,1
"2018-04-05 15:32:00",84,12.03828,0.3094992,22.02692,-9.015742,1
"2018-04-05 15:33:00",85,12.02955,0.3054906,21.75418,-9.182054,1
"2018-04-05 15:34:00",86,12.27403,0.3103276,21.74476,-8.982091,1
"2018-04-05 15:35:00",87,12.4907,0.2994154,20.68421,-9.437874,1
"2018-04-05 15:36:00",88,12.40191,0.309237,21.4874,-9.026726,1
"2018-04-05 15:37:00",89,12.28184,0.3041185,21.29927,-9.239622,1
"2018-04-05 15:38:00",90,11.95468,0.2995765,21.4386,-9.431058,1
"2018-04-05 15:39:00",91,11.98845,0.3096135,22.10739,-9.011131,1
"2018-04-05 15:40:00",92,12.196,0.3131646,22.05726,-8.865386,1
"2018-04-05 15:41:00",93,12.21429,0.3179952,22.37032,-8.669655,1
"2018-04-05 15:42:00",94,12.16938,0.3008055,21.22392,-9.379046,1
"2018-04-05 15:43:00",95,12.09483,0.3036629,21.53082,-9.258747,1
"2018-04-05 15:44:00",96,12.2543,0.3119024,21.88427,-8.916973,1
"2018-04-05 15:45:00",97,12.23546,0.3096722,21.75471,-9.008669,1
"2018-04-05 15:46:00",98,12.28431,0.3175116,22.23395,-8.688938,1
"2018-04-05 15:47:00",99,12.29266,0.3138668,21.96665,-8.836672,1
"2018-04-05 15:48:00",100,12.07802,0.3082066,21.87666,-9.069678,1
"2018-04-05 15:49:00",101,11.70215,0.2962049,21.55374,-9.574986,1
"2018-04-05 15:50:00",102,11.73069,0.3138787,22.79673,-8.836215,1
"2018-04-05 15:51:00",103,11.90463,0.3175801,22.80212,-8.68621,1
"2018-04-05 15:52:00",104,12.10194,0.3141676,22.2654,-8.824515,1
"2018-04-05 15:53:00",105,12.05507,0.327902,23.31071,-8.27598,1
"2018-04-05 15:54:00",106,12.01704,0.3224598,22.98146,-8.49078,1
"2018-04-05 15:55:00",107,12.08641,0.3280009,23.26968,-8.272072,1
"2018-04-05 15:56:00",108,12.15446,0.3410624,24.08772,-7.769403,1
"2018-04-05 15:57:00",109,12.38233,0.320797,22.31967,-8.557046,1
"2018-04-05 15:58:00",110,12.47474,0.3085068,21.3345,-9.056789,1
"2018-04-05 15:59:00",111,12.37409,0.3173631,22.09249,-8.695053,1
"2018-04-05 16:00:00",112,12.48654,0.3574082,24.69654,-7.16381,1
"2018-04-05 16:01:00",113,12.60544,0.3298612,22.61643,-8.199314,1
"2018-04-05 16:02:00",114,12.63605,0.3279672,22.44121,-8.273473,1
"2018-04-05 16:03:00",115,12.48525,0.3168252,21.8945,-8.716772,1
"2018-04-05 16:04:00",116,12.88548,0.3386172,22.79395,-7.862245,1
"2018-04-05 16:05:00",117,12.78908,0.3228691,21.87174,-8.474636,1
"2018-04-05 16:06:00",118,12.77004,0.3240987,21.98266,-8.425742,1
"2018-04-05 16:07:00",119,12.77641,0.3102439,21.0341,-8.98509,1
"2018-04-05 16:08:00",120,12.5275,0.3270633,22.53936,-8.308952,1
"2018-04-05 16:09:00",121,12.58857,0.3265389,22.41307,-8.329623,1
"2018-04-05 16:10:00",122,12.6973,0.3202202,21.82322,-8.580263,1
"2018-04-05 16:11:00",123,12.77874,0.324126,21.97175,-8.424797,1
"2018-04-05 16:12:00",124,12.89702,0.3358481,22.59052,-7.968053,1
"2018-04-05 16:13:00",125,12.76113,0.3209387,21.78107,-8.5514,1
"2018-04-05 16:14:00",126,12.33099,0.319055,22.27277,-8.627266,1
"2018-04-05 16:15:00",127,12.07904,0.3346041,23.74976,-8.015621,1
"2018-04-05 16:16:00",128,12.13964,0.3211829,22.70612,-8.541731,1
"2018-04-05 16:17:00",129,12.34181,0.323255,22.55069,-8.459162,1
"2018-04-05 16:18:00",130,12.26243,0.3114949,21.84391,-8.933727,1
"2018-04-05 16:19:00",131,12.47252,0.3113729,21.53582,-8.93871,1
"2018-04-05 16:20:00",132,12.52238,0.320907,22.1226,-8.55276,1
"2018-04-05 16:21:00",133,12.58007,0.3276954,22.50499,-8.284211,1
"2018-04-05 16:22:00",134,12.67355,0.3100335,21.16195,-8.993834,1
"2018-04-05 16:23:00",135,12.70706,0.3147903,21.43954,-8.799178,1
"2018-04-05 16:24:00",136,12.73061,0.3178708,21.61609,-8.674448,1
"2018-04-05 16:25:00",137,12.93952,0.3265896,21.90672,-8.327647,1
"2018-04-05 16:26:00",138,12.92354,0.3222911,21.64014,-8.498209,1
"2018-04-05 16:27:00",139,12.46716,0.3159251,21.85796,-8.75336,1
"2018-04-05 16:28:00",140,12.34259,0.3114982,21.72932,-8.933544,1
"2018-04-05 16:29:00",141,12.45865,0.3183623,22.03925,-8.654772,1
"2018-04-05 16:30:00",142,12.56977,0.3128031,21.49709,-8.880094,1
"2018-04-05 16:31:00",143,13.1156,0.3312198,21.95253,-8.152756,1
"2018-04-05 16:32:00",144,14.79487,0.3853477,22.90882,-6.185176,1
"2018-04-05 16:33:00",145,15.39358,0.4077989,23.3217,-5.445186,1
"2018-04-05 16:34:00",146,18.705,0.5763457,26.70421,-0.8105732,1
"2018-04-05 16:35:00",147,18.4898,0.6108009,28.70242,-0.004868344,1
"2018-04-05 16:36:00",148,17.99069,0.569162,27.60313,-0.9707196,1
"2018-04-05 16:37:00",149,17.79441,0.5427809,26.65047,-1.61785,1
"2018-04-05 16:38:00",150,18.09137,0.5420695,26.12217,-1.635942,1
"2018-04-05 16:39:00",151,18.18598,0.5416802,25.94777,-1.64617,1
"2018-04-05 16:40:00",152,17.8103,0.5267842,25.84107,-2.022773,1
"2018-04-05 16:41:00",153,23.34393,1.030714,33.90457,6.577407,1
"2018-04-05 16:42:00",154,27.52658,1.365629,36.87968,11.50842,1
"2018-04-05 16:43:00",155,22.85315,0.8606255,30.90449,4.811862,1
"2018-04-05 16:44:00",156,20.64795,0.7042704,28.8737,1.940441,1
"2018-04-05 16:45:00",157,19.6523,0.651269,28.45654,0.8790043,1
"2018-04-05 16:46:00",158,19.17354,0.633672,28.52077,0.4974858,1
"2018-04-05 16:47:00",159,17.39513,0.5363863,27.00123,-1.782534,1
"2018-04-05 16:48:00",160,16.78218,0.4875446,25.52456,-3.066222,1
"2018-04-05 16:49:00",161,17.02261,0.5117285,26.38418,-2.414761,1
"2018-04-05 16:50:00",162,17.04111,0.5357486,27.59122,-1.793316,1
"2018-04-05 16:51:00",163,17.04977,0.4963747,25.54831,-2.825495,1
"2018-04-05 16:52:00",164,16.89615,0.5056239,26.27718,-2.57782,1
"2018-04-05 16:53:00",165,16.88818,0.5064513,26.33635,-2.554311,1
"2018-04-05 16:54:00",166,16.68873,0.5194904,27.35426,-2.213218,1
"2018-04-05 16:55:00",167,16.80037,0.5095846,26.64418,-2.472741,1
"2018-04-05 16:56:00",168,16.98941,0.5006324,25.86476,-2.711281,1
"2018-04-05 16:57:00",169,17.20622,0.5027674,25.62002,-2.6543,1
"2018-04-05 16:58:00",170,17.50268,0.5030344,25.15464,-2.648726,1
"2018-04-05 16:59:00",171,18.72613,0.573267,26.54729,-0.8731163,1
"2018-04-05 17:00:00",172,18.5344,0.5680886,26.62664,-0.9964011,1
"2018-04-05 17:01:00",173,18.50047,0.5663206,26.59793,-1.040187,1
"2018-04-05 17:02:00",174,18.51034,0.5902185,27.70666,-0.4726283,1
"2018-04-05 17:03:00",175,18.47545,0.5684621,26.74196,-0.9878268,1
"2018-04-05 17:04:00",176,18.3669,0.5840964,27.66506,-0.6165718,1
"2018-04-05 17:05:00",177,17.57079,0.5216901,25.97845,-2.155492,1
"2018-04-05 17:06:00",178,16.94987,0.5024174,26.01953,-2.664695,1
"2018-04-05 17:07:00",179,17.0826,0.5090936,26.14977,-2.483897,1
"2018-04-05 17:08:00",180,17.10342,0.5083972,26.07954,-2.502389,1
"2018-04-05 17:09:00",181,17.21467,0.5287741,26.93377,-1.971288,1
"2018-04-05 17:10:00",182,17.26524,0.4984356,25.30748,-2.769314,1
"2018-04-05 17:11:00",183,17.11687,0.4886076,25.04005,-3.038485,1
"2018-04-05 17:12:00",184,17.13366,0.4905954,25.11779,-2.982546,1
"2018-04-05 17:13:00",185,16.88374,0.4818886,25.06188,-3.225192,1
"2018-04-05 17:14:00",186,16.93299,0.4850074,25.14999,-3.136175,1
"2018-04-05 17:15:00",187,16.96788,0.4919905,25.45543,-2.944305,1
"2018-04-05 17:16:00",188,17.05026,0.4859744,25.0132,-3.10957,1
"2018-04-05 17:17:00",189,17.0515,0.4906002,25.24943,-2.982256,1
"2018-04-05 17:18:00",190,16.98879,0.4889726,25.26624,-3.026734,1
"2018-04-05 17:19:00",191,17.14429,0.5199944,26.60498,-2.197926,1
"2018-04-05 17:20:00",192,17.47735,0.5190014,25.99903,-2.2246,1
"2018-04-05 17:21:00",193,21.12105,0.7385914,29.19927,2.506139,1
"2018-04-05 17:22:00",194,31.73129,1.912059,39.67289,16.36255,1
"2018-04-05 17:23:00",195,34.20634,2.188165,40.62529,18.94253,1
"2018-04-05 17:24:00",196,34.10044,2.203322,41.13831,19.0492,1
"2018-04-05 17:25:00",197,34.36892,2.292543,42.1736,19.68858,1
"2018-04-05 17:26:00",198,34.13424,2.255335,42.03217,19.4245,1
"2018-04-05 17:27:00",199,34.68394,2.340381,42.29228,20.0159,1
"2018-04-05 17:28:00",200,33.28643,2.064469,40.32793,18.00575,1
"2018-04-05 17:29:00",201,30.62408,1.685464,37.79856,14.62513,1
"2018-04-05 17:30:00",202,37.51919,2.829193,43.66454,23.07885,1
"2018-04-05 17:31:00",203,38.76888,3.176684,45.92037,25.04229,1
"2018-04-05 17:32:00",204,37.42301,2.838789,44.135,23.1697,1
"2018-04-05 17:33:00",205,37.11644,2.805692,44.30074,22.95608,1
"2018-04-05 17:34:00",206,37.95088,3.001811,45.3441,24.09342,1
"2018-04-05 17:35:00",207,37.10007,2.78021,43.98229,22.82227,1
"2018-04-05 17:36:00",208,37.91392,2.976244,45.04195,23.94881,1
"2018-04-05 17:37:00",209,35.10044,2.443085,42.94527,20.63711,1
"2018-04-05 17:38:00",210,32.68791,2.066954,41.76013,18.02645,1
"2018-04-05 17:39:00",211,33.99151,2.27985,42.81581,19.59381,1
"2018-04-05 17:40:00",212,34.34996,2.280694,41.99276,19.60241,1
"2018-04-05 17:41:00",213,34.6858,2.322603,41.97367,19.89548,1
"2018-04-05 17:42:00",214,35.70567,2.50876,42.83714,21.13866,1
"2018-04-05 17:43:00",215,36.23538,2.625389,43.54337,21.88088,1
"2018-04-05 17:44:00",216,37.70752,2.911613,44.57427,23.58959,1
"2018-04-05 17:45:00",217,37.3344,2.828421,44.19924,23.11411,1
"2018-04-05 17:46:00",218,36.76314,2.734942,44.10482,22.56536,1
"2018-04-05 17:47:00",219,38.39454,3.114697,45.95908,24.71854,1
"2018-04-05 17:48:00",220,37.45942,2.886692,44.81162,23.45439,1
"2018-04-05 17:49:00",221,37.64415,2.922939,44.91256,23.65805,1
"2018-04-05 17:50:00",222,35.83274,2.628515,44.52766,21.88507,1
"2018-04-05 17:51:00",223,36.39834,2.68186,44.11791,22.24231,1
"2018-04-05 17:52:00",224,36.86772,2.748864,44.06401,22.64411,1
"2018-04-05 17:53:00",225,37.08402,2.809452,44.49329,22.99856,1
"2018-04-05 17:54:00",226,35.67245,2.5562,43.73817,21.44832,1
"2018-04-05 17:55:00",227,36.67889,2.727549,44.16586,22.51239,1
"2018-04-05 17:56:00",228,37.53452,2.921093,45.14982,23.64677,1
"2018-04-05 17:57:00",229,38.20455,3.06936,45.73836,24.46659,1
"2018-04-05 17:58:00",230,36.72356,2.763856,44.46089,22.66222,1
"2018-04-05 17:59:00",231,34.97398,2.38996,42.50012,20.35488,1
"2018-04-05 18:00:00",232,35.4791,2.463074,42.61129,20.84966,1
"2018-04-05 18:01:00",233,35.54248,2.453627,42.30129,20.78776,1
"2018-04-05 18:02:00",234,35.54233,2.463248,42.45713,20.84737,1
"2018-04-05 18:03:00",235,35.33832,2.440759,42.56395,20.70553,1
"2018-04-05 18:04:00",236,35.93354,2.548241,42.98229,21.39805,1
"2018-04-05 18:05:00",237,36.15285,2.555581,42.60891,21.45209,1
"2018-04-05 18:06:00",238,35.31189,2.418387,42.21932,20.54995,1
"2018-04-05 18:07:00",239,34.98637,2.364649,42.03863,20.1893,1
"2018-04-05 18:08:00",240,35.54357,2.483909,42.81298,20.98422,1
"2018-04-05 18:09:00",241,35.94049,2.543617,42.89677,21.37177,1
"2018-04-05 18:10:00",242,35.15125,2.393201,42.15799,20.38267,1
"2018-04-05 18:11:00",243,35.32797,2.464761,42.9978,20.86099,1
"2018-04-05 18:12:00",244,34.12986,2.245555,41.85472,19.35257,1
"2018-04-05 18:13:00",245,34.23641,2.259634,41.88032,19.4577,1
"2018-04-05 18:14:00",246,34.46009,2.264665,41.44939,19.49126,1
"2018-04-05 18:15:00",247,34.66572,2.292046,41.47147,19.68348,1
"2018-04-05 18:16:00",248,34.84785,2.430858,43.54167,20.6342,1
"2018-04-05 18:17:00",249,33.85199,2.237814,42.36851,19.29987,1
"2018-04-05 18:18:00",250,33.66519,2.156158,41.24106,18.70057,1
"2018-04-05 18:19:00",251,33.1416,2.059487,40.57974,17.97568,1
"2018-04-05 18:20:00",252,32.9354,2.007508,40.01168,17.56821,1
"2018-04-05 18:21:00",253,32.28405,1.938376,40.0753,17.01345,1
"2018-04-05 18:22:00",254,31.83214,1.951412,41.38116,17.11643,1
"2018-04-05 18:23:00",255,30.55941,1.771734,40.39173,15.59954,1
"2018-04-05 18:24:00",256,29.97983,1.623196,38.27244,14.2471,1
"2018-04-05 18:25:00",257,30.11338,1.595914,37.33793,13.9839,1
"2018-04-05 18:26:00",258,29.41467,1.510009,36.76991,13.13112,1
"2018-04-05 18:27:00",259,29.71617,1.543814,36.9573,13.47527,1
"2018-04-05 18:28:00",260,29.15456,1.502297,37.13735,13.05355,1
"2018-04-05 18:29:00",261,29.20959,1.472195,36.28024,12.74522,1
"2018-04-05 18:30:00",262,29.12815,1.475383,36.54278,12.7835,1
"2018-04-05 18:31:00",263,29.08839,1.502841,37.29508,13.05989,1
"2018-04-05 18:32:00",264,28.91569,1.43861,36.06904,12.39722,1
"2018-04-05 18:33:00",265,28.22055,1.38507,36.1529,11.81984,1
"2018-04-05 18:34:00",266,28.04344,1.370782,36.13161,11.65477,1
"2018-04-05 18:35:00",267,24.2678,0.9743242,32.02631,6.556869,1
"2018-04-05 18:36:00",268,22.88291,0.8705936,31.20026,4.9743,1
"2018-04-05 18:37:00",269,22.73219,0.8673229,31.3712,4.921616,1
"2018-04-05 18:38:00",270,22.69595,0.8415071,30.50954,4.491388,1
"2018-04-05 18:39:00",271,22.29144,0.8051772,29.91819,3.861935,1
"2018-04-05 18:40:00",272,22.07616,0.7957718,29.96167,3.696237,1
"2018-04-05 18:41:00",273,22.14455,0.8022989,30.08188,3.812335,1
"2018-04-05 18:42:00",274,22.15057,0.7984253,29.91713,3.739514,1
"2018-04-05 18:43:00",275,22.13667,0.7928022,29.72729,3.637096,1
"2018-04-05 18:44:00",276,22.00551,0.787308,29.76572,3.541978,1
"2018-04-05 18:45:00",277,22.3109,0.8039362,29.84054,3.841823,1
"2018-04-05 18:46:00",278,22.19794,0.8003611,29.89782,3.771337,1
"2018-04-05 18:47:00",279,22.37278,0.811401,30.00432,3.973231,1
"2018-04-05 18:48:00",280,22.51856,0.8321305,30.49534,4.330907,1
"2018-04-05 18:49:00",281,22.59998,0.826684,30.15087,4.239371,1
"2018-04-05 18:50:00",282,22.37213,0.8259079,30.53329,4.221648,1
"2018-04-05 18:51:00",283,22.25219,0.7991052,29.75672,3.751059,1
"2018-04-05 18:52:00",284,22.30344,0.8165372,30.32305,4.063614,1
"2018-04-05 18:53:00",285,21.99781,0.8377266,31.69449,4.428962,1
"2018-04-05 18:54:00",286,21.43643,0.7784021,30.4684,3.379629,1
"2018-04-05 18:55:00",287,20.90766,0.7139231,28.86887,2.162146,1
"2018-04-05 18:56:00",288,20.777,0.7117469,29.0217,2.123423,1
"2018-04-05 18:57:00",289,20.68444,0.7134193,29.25036,2.153525,1
"2018-04-05 18:58:00",290,20.67219,0.7156159,29.36587,2.19821,1
"2018-04-05 18:59:00",291,20.33317,0.7020605,29.42009,1.930929,1
"2018-04-05 19:00:00",292,19.07049,0.6276056,28.43904,0.3689459,1
"2018-04-05 19:01:00",293,18.43415,0.5629976,26.55589,-1.118542,1
"2018-04-05 19:02:00",294,18.44489,0.5794608,27.30901,-0.7270226,1
"2018-04-05 19:03:00",295,18.49846,0.5930962,27.86155,-0.4063248,1
"2018-04-05 19:04:00",296,17.3049,0.540831,27.3762,-1.672729,1
"2018-04-05 19:05:00",297,17.07578,0.502048,25.79577,-2.673511,1
"2018-04-05 19:06:00",298,16.89116,0.4886929,25.40305,-3.037387,1
"2018-04-05 19:07:00",299,16.9311,0.5198254,26.95491,-2.203972,1
"2018-04-05 19:08:00",300,16.78783,0.5097553,26.67735,-2.466692,1
"2018-04-05 19:09:00",301,15.91116,0.4593449,25.40863,-3.870098,1
"2018-04-05 19:10:00",302,15.24051,0.4150512,23.97703,-5.209627,1
"2018-04-05 19:11:00",303,15.32664,0.4162863,23.91845,-5.168883,1
"2018-04-05 19:12:00",304,15.41392,0.4196428,23.97634,-5.062989,1
"2018-04-05 19:13:00",305,15.33256,0.4235641,24.32546,-4.941025,1
"2018-04-05 19:14:00",306,15.26943,0.4208417,24.26793,-5.025918,1
"2018-04-05 19:15:00",307,15.20302,0.4406452,25.51731,-4.417623,1
"2018-04-05 19:16:00",308,14.96532,0.449086,26.40549,-4.1662,1
"2018-04-05 19:17:00",309,14.05364,0.4235873,26.42208,-4.93961,1
"2018-04-05 19:18:00",310,14.1372,0.4190146,25.996,-5.082782,1
"2018-04-05 19:19:00",311,14.31799,0.4002898,24.54542,-5.684671,1
"2018-04-05 19:20:00",312,14.44792,0.3776061,22.96066,-6.448472,1
"2018-04-05 19:21:00",313,14.51457,0.38386,23.23965,-6.234394,1
"2018-04-05 19:22:00",314,14.5196,0.4010923,24.2749,-5.658891,1
"2018-04-05 19:23:00",315,14.49174,0.391185,23.71921,-5.986374,1
"2018-04-05 19:24:00",316,14.43265,0.3818253,23.23938,-6.303804,1
"2018-04-05 19:25:00",317,14.47578,0.3831471,23.25562,-6.258212,1
"2018-04-05 19:26:00",318,14.32009,0.4262748,26.13408,-4.856156,1
"2018-04-05 19:27:00",319,13.51537,0.4060419,26.22686,-5.499,1
"2018-04-05 19:28:00",320,13.2705,0.4088768,26.83859,-5.405744,1
"2018-04-05 19:29:00",321,13.32586,0.3844128,25.14244,-6.214989,1
"2018-04-05 19:30:00",322,13.43888,0.3520964,22.85919,-7.358003,1
"2018-04-05 19:31:00",323,13.51047,0.3550937,22.9466,-7.248093,1
"2018-04-05 19:32:00",324,13.13104,0.4617099,30.57655,-3.797931,1
"2018-04-05 19:33:00",325,12.46559,0.3732477,25.82659,-6.599928,1
"2018-04-05 19:34:00",326,12.54262,0.3739961,25.74797,-6.573712,1
"2018-04-05 19:35:00",327,12.61127,0.3765831,25.80984,-6.483636,1
"2018-04-05 19:36:00",328,12.04091,0.4362774,31.03462,-4.552147,1
"2018-04-05 19:37:00",329,11.23756,0.3626356,27.2118,-6.975148,1
"2018-04-05 19:38:00",330,11.13667,0.3861088,29.16811,-6.157273,1
"2018-04-05 19:39:00",331,10.89423,0.4880209,37.45998,-3.054283,1
"2018-04-05 19:40:00",332,10.31035,0.4076027,32.53416,-5.446416,1
"2018-04-05 19:41:00",333,10.36489,0.3641546,28.9604,-6.920814,1
"2018-04-05 19:42:00",334,10.50604,0.4211323,33.17774,-5.015779,1
"2018-04-05 19:43:00",335,10.33598,0.4336968,34.55767,-4.626827,1
"2018-04-05 19:44:00",336,10.29568,0.4891842,39.08469,-3.02012,1
"2018-04-05 19:45:00",337,10.15673,0.5106261,41.17864,-2.442452,1
"2018-04-05 19:46:00",338,10.09435,0.480033,38.8733,-3.273639,1
"2018-04-05 19:47:00",339,9.845602,0.4140321,34.0922,-5.24012,1
"2018-04-05 19:48:00",340,10.03015,0.3914256,31.83423,-5.978262,1
"2018-04-05 19:49:00",341,10.11679,0.4608163,37.26116,-3.820062,1
"2018-04-05 19:50:00",342,9.979733,0.4603888,37.57004,-3.832386,1
"2018-04-05 19:51:00",343,9.81861,0.4973723,41.02852,-2.797073,1
"2018-04-05 19:52:00",344,9.697657,0.4489698,37.3379,-4.16711,1
"2018-04-05 19:53:00",345,9.760714,0.5080802,42.0753,-2.509937,1
"2018-04-05 19:54:00",346,9.570567,0.4993739,41.8856,-2.743014,1
"2018-04-05 19:55:00",347,9.68133,0.4473083,37.2407,-4.216374,1
"2018-04-05 19:56:00",348,9.696398,0.4996961,41.55982,-2.734302,1
"2018-04-05 19:57:00",349,9.546021,0.5175893,43.4851,-2.25963,1
"2018-04-05 19:58:00",350,9.446669,0.5231537,44.24724,-2.114995,1
"2018-04-05 19:59:00",351,9.333346,0.520724,44.37949,-2.177861,1
"2018-04-05 20:00:00",352,9.323809,0.5854561,49.92808,-0.5821886,1
"2018-04-05 20:01:00",353,9.433627,0.6044731,51.17068,-0.1429849,1
"2018-04-05 20:02:00",354,9.263287,0.5450026,46.66817,-1.559822,1
"2018-04-05 20:03:00",355,9.282897,0.479189,40.97865,-3.297213,1
"2018-04-05 20:04:00",356,9.372966,0.4857112,41.28483,-3.115987,1
"2018-04-05 20:05:00",357,9.341667,0.5152279,43.88639,-2.321354,1
"2018-04-05 20:06:00",358,9.274382,0.5169367,44.23209,-2.276571,1
"2018-04-05 20:07:00",359,9.319942,0.4635746,39.54429,-3.740485,1
"2018-04-05 20:08:00",360,9.54409,0.4527092,38.03804,-4.057186,1
"2018-04-05 20:09:00",361,9.686679,0.4914661,40.90184,-2.95779,1
"2018-04-05 20:10:00",362,9.498446,0.4773828,40.23537,-3.348036,1
"2018-04-05 20:11:00",363,9.457528,0.4623238,39.07417,-3.776486,1
"2018-04-05 20:12:00",364,9.386926,0.4418047,37.51788,-4.380953,1
"2018-04-05 20:13:00",365,9.414662,0.4606015,39.04059,-3.826466,1
"2018-04-05 20:14:00",366,9.574455,0.4763374,39.94263,-3.377385,1
"2018-04-05 20:15:00",367,9.329167,0.4921102,41.95186,-2.94031,1
"2018-04-05 20:16:00",368,9.306012,0.4616036,39.41284,-3.797465,1
"2018-04-05 20:17:00",369,9.529518,0.4512401,37.95281,-4.100103,1
"2018-04-05 20:18:00",370,9.504948,0.4446922,37.46374,-4.294613,1
"2018-04-05 20:19:00",371,9.349789,0.446216,37.98705,-4.249034,1
"2018-04-05 20:20:00",372,9.545806,0.5457881,45.85404,-1.540514,1
"2018-04-05 20:21:00",373,9.937426,0.6151402,50.33724,0.09691599,1
"2018-04-05 20:22:00",374,10.6314,0.6659912,52.03058,1.197662,1
"2018-04-05 20:23:00",375,10.86524,0.6981115,53.68457,1.851493,1
"2018-04-05 20:24:00",376,11.99334,0.7562632,53.96795,2.975611,1
"2018-04-05 20:25:00",377,12.23389,0.7981501,56.07352,3.742053,1
"2018-04-05 20:26:00",378,12.03771,0.7289967,51.88016,2.461016,1
"2018-04-05 20:27:00",379,11.79081,0.6692047,48.40828,1.264149,1
"2018-04-05 20:28:00",380,11.51536,0.6838442,50.33574,1.554452,1
"2018-04-05 20:29:00",381,9.768142,0.5817844,48.15239,-0.6690054,1
"2018-04-05 20:30:00",382,9.872736,0.6087774,50.03494,-0.04585304,1
"2018-04-05 20:31:00",383,9.803775,0.6165419,50.90735,0.1286055,1
"2018-04-05 20:32:00",384,10.14716,0.6076652,49.03377,-0.07100874,1
"2018-04-05 20:33:00",385,10.42465,0.5740208,45.46815,-0.8525314,1
"2018-04-05 20:34:00",386,11.2664,0.6558956,49.10691,0.9807357,1
"2018-04-05 20:35:00",387,11.7412,0.732522,53.15622,2.527503,1
"2018-04-05 20:36:00",388,11.25053,0.7849965,58.85212,3.506222,1
"2018-04-05 20:37:00",389,11.39507,0.7957046,59.07935,3.696878,1
"2018-04-05 20:38:00",390,11.22693,0.7659488,57.51068,3.157607,1
"2018-04-05 20:39:00",391,11.5083,0.7735274,57.00956,3.297605,1
"2018-04-05 20:40:00",392,11.53268,0.7539274,55.47433,2.934595,1
"2018-04-05 20:41:00",393,11.50719,0.6987138,51.49374,1.864672,1
"2018-04-05 20:42:00",394,11.53212,0.7688934,56.57738,3.212248,1
"2018-04-05 20:43:00",395,11.47216,0.8017621,59.22884,3.80533,1
"2018-04-05 20:44:00",396,11.53192,0.8215122,60.45037,4.152196,1
"2018-04-05 20:45:00",397,11.25356,0.7226966,54.16143,2.337031,1
"2018-04-05 20:46:00",398,11.24155,0.7636869,57.28333,3.11533,1
"2018-04-05 20:47:00",399,11.23809,0.7213375,54.12162,2.312293,1
"2018-04-05 20:48:00",400,11.2764,0.7342784,54.95074,2.5617,1
"2018-04-05 20:49:00",401,11.20041,0.712192,53.56805,2.132975,1
"2018-04-05 20:50:00",402,11.99604,0.7902036,56.35987,3.591885,1
"2018-04-05 20:51:00",403,11.13948,0.7506784,56.68711,2.871957,1
"2018-04-05 20:52:00",404,11.1597,0.8063249,60.81212,3.885842,1
"2018-04-05 20:53:00",405,9.554835,0.7022256,58.94641,1.933376,1
"2018-04-05 20:54:00",406,9.476384,0.5960297,50.30883,-0.3369656,1
"2018-04-05 20:55:00",407,9.656014,0.6357975,53.02239,0.5539099,1
"2018-04-05 20:56:00",408,9.504334,0.6408569,53.99136,0.6634704,1
"2018-04-05 20:57:00",409,9.553534,0.6500938,54.58815,0.8617318,1
"2018-04-05 20:58:00",410,8.955308,0.6500536,56.81404,0.8568359,1
"2018-04-05 20:59:00",411,8.589582,0.6487545,58.13977,0.833554,1
"2018-04-05 21:00:00",412,8.603847,0.6122754,54.8171,0.03332296,1
"2018-04-05 21:01:00",413,8.749535,0.6041922,53.56137,-0.149941,1
"2018-04-05 21:02:00",414,8.9283,0.6520476,57.10995,0.9035984,1
"2018-04-05 21:03:00",415,8.922338,0.6259201,54.84392,0.3374046,1
"2018-04-05 21:04:00",416,8.873352,0.6144466,54.0171,0.08208026,1
"2018-04-05 21:05:00",417,8.787172,0.6086329,53.81654,-0.04946964,1
"2018-04-05 21:06:00",418,8.75299,0.5692769,50.45472,-0.9660842,1
"2018-04-05 21:07:00",419,8.912479,0.551426,48.34477,-1.401694,1
"2018-04-05 21:08:00",420,9.170888,0.5917247,50.98506,-0.4361999,1
"2018-04-05 21:09:00",421,8.902057,0.599905,52.63516,-0.2479852,1
"2018-04-05 21:10:00",422,8.803434,0.6119445,54.04993,0.02529117,1
"2018-04-05 21:11:00",423,8.81869,0.6332831,55.87687,0.4984768,1
"2018-04-05 21:12:00",424,9.021702,0.6284438,54.69566,0.3927455,1
"2018-04-05 21:13:00",425,9.16088,0.5774241,49.78662,-0.7715025,1
"2018-04-05 21:14:00",426,9.189186,0.6540766,56.2824,0.9454446,1
"2018-04-05 21:15:00",427,8.965466,0.6145825,53.69362,0.08509231,1
"2018-04-05 21:16:00",428,8.964877,0.6325063,55.26102,0.4818628,1
"2018-04-05 21:17:00",429,8.983855,0.7144286,62.33829,2.178129,1
"2018-04-05 21:18:00",430,9.026066,0.7253926,63.11429,2.391806,1
"2018-04-05 21:19:00",431,8.981554,0.6621435,57.78588,1.117025,1
"2018-04-05 21:20:00",432,8.99578,0.607216,52.94076,-0.08122656,1
"2018-04-05 21:21:00",433,8.935094,0.6192774,54.21184,0.1892642,1
"2018-04-05 21:22:00",434,8.956457,0.5963352,52.13131,-0.3296551,1
"2018-04-05 21:23:00",435,9.713406,0.7314434,60.61618,2.474704,1
"2018-04-05 21:24:00",436,11.4237,0.8688997,64.35832,4.94547,1
"2018-04-05 21:25:00",437,11.67283,0.7939797,57.87917,3.66651,1
"2018-04-05 21:26:00",438,11.77999,0.8507942,61.583,4.651599,1
"2018-04-05 21:27:00",439,11.60385,0.8977134,65.73624,5.42136,1
"2018-04-05 21:28:00",440,10.78797,0.8307621,64.22154,4.310914,1
"2018-04-05 21:29:00",441,10.61648,0.8000682,62.55909,3.774714,1
"2018-04-05 21:30:00",442,10.30267,0.7847623,62.66494,3.501371,1
"2018-04-05 21:31:00",443,9.471505,0.6946745,58.61648,1.776463,1
"2018-04-05 21:32:00",444,8.310237,0.6236656,56.95331,0.2859542,1
"2018-04-05 21:33:00",445,7.874076,0.5485427,51.60767,-1.471905,1
"2018-04-05 21:34:00",446,7.907049,0.5280698,49.57008,-1.988426,1
"2018-04-05 21:35:00",447,8.025445,0.5749684,53.53738,-0.830326,1
"2018-04-05 21:36:00",448,8.000277,0.6159417,57.4501,0.1149835,1
"2018-04-05 21:37:00",449,7.98561,0.610086,56.96313,-0.01609483,1
"2018-04-05 21:38:00",450,7.831671,0.5409382,51.03946,-1.661755,1
"2018-04-05 21:39:00",451,7.795637,0.5192724,49.11579,-2.215865,1
"2018-04-05 21:40:00",452,7.820812,0.5413944,51.1206,-1.650231,1
"2018-04-05 21:41:00",453,7.819265,0.5787445,54.65076,-0.7408406,1
"2018-04-05 21:42:00",454,7.890896,0.6232704,58.56993,0.2785664,1
"2018-04-05 21:43:00",455,7.814125,0.6066936,57.31191,-0.09291971,1
"2018-04-05 21:44:00",456,7.695662,0.5951876,56.68164,-0.3560853,1
"2018-04-05 21:45:00",457,7.617081,0.626349,59.96953,0.3467658,1
"2018-04-05 21:46:00",458,7.747509,0.6582889,62.46966,1.035996,1
"2018-04-05 21:47:00",459,7.648298,0.6182751,59.07048,0.1676602,1
"2018-04-05 21:48:00",460,7.523939,0.6064317,58.43097,-0.09938649,1
"2018-04-05 21:49:00",461,7.627712,0.6116043,58.51577,0.01820336,1
"2018-04-05 21:50:00",462,7.76563,0.5890197,55.82637,-0.4992699,1
"2018-04-05 21:51:00",463,7.742205,0.5472315,51.94914,-1.504513,1
"2018-04-05 21:52:00",464,7.871107,0.6139401,57.77136,0.07057064,1
"2018-04-05 21:53:00",465,7.92731,0.6466342,60.61592,0.7879994,1
"2018-04-05 21:54:00",466,7.737834,0.5646373,53.61734,-1.077789,1
"2018-04-05 21:55:00",467,7.552759,0.5748834,55.2838,-0.8321558,1
"2018-04-05 21:56:00",468,7.675242,0.6130228,58.45986,0.04974408,1
"2018-04-05 21:57:00",469,8.053334,0.6446915,59.91532,0.7457785,1
"2018-04-05 21:58:00",470,8.24143,0.6933694,63.61882,1.758623,1
"2018-04-05 21:59:00",471,8.352782,0.7211439,65.67215,2.309561,1
"2018-04-05 22:00:00",472,8.409221,0.7389307,67.03462,2.652131,1
"2018-04-05 22:01:00",473,8.274686,0.6762218,61.90691,1.409442,1
"2018-04-05 22:02:00",474,9.700091,0.757458,62.96887,2.998613,1
"2018-04-05 22:03:00",475,9.825966,0.7891514,65.05856,3.58027,1
"2018-04-05 22:04:00",476,9.99433,0.8062072,65.71998,3.884298,1
"2018-04-05 22:05:00",477,9.993548,0.817178,66.61885,4.076904,1
"2018-04-05 22:06:00",478,9.990552,0.8007382,65.29248,3.787921,1
"2018-04-05 22:07:00",479,10.10294,0.7633247,61.77396,3.10955,1
"2018-04-05 22:08:00",480,10.15956,0.7692404,62.01654,3.218544,1
"2018-04-05 22:09:00",481,10.09578,0.7590638,61.44788,3.028003,1
"2018-04-05 22:10:00",482,10.1989,0.7622826,61.29402,3.090077,1
"2018-04-05 22:11:00",483,10.07626,0.7835918,63.52625,3.480171,1
"2018-04-05 22:12:00",484,10.68832,0.8317647,64.65254,4.311636,1
"2018-04-05 22:13:00",485,11.73677,0.9495856,68.924,6.232483,1
"2018-04-05 22:14:00",486,11.70737,0.9815316,71.38755,6.714307,1
"2018-04-05 22:15:00",487,11.85908,0.9377302,67.29009,6.002044,1
"2018-04-05 22:16:00",488,13.85389,1.091196,68.68432,8.208712,1
"2018-04-05 22:17:00",489,12.42127,0.9633592,66.838,6.441089,1
"2018-04-05 22:18:00",490,12.18899,0.9476934,66.76456,6.203477,1
"2018-04-05 22:19:00",491,12.05883,0.9195682,65.34438,5.768392,1
"2018-04-05 22:20:00",492,12.12365,0.9153238,64.764,5.701264,1
"2018-04-05 22:21:00",493,12.14597,0.8648234,61.1038,4.88552,1
"2018-04-05 22:22:00",494,12.1089,0.9213763,65.25628,5.796563,1
"2018-04-05 22:23:00",495,11.6877,0.8799419,64.07954,5.133965,1
"2018-04-05 22:24:00",496,11.83414,0.8317753,59.98942,4.328002,1
"2018-04-05 22:25:00",497,11.99716,0.8621934,61.51838,4.84185,1
"2018-04-05 22:26:00",498,11.90242,0.8345062,59.916,4.374869,1
"2018-04-05 22:27:00",499,11.71991,0.8359764,60.73489,4.396587,1
"2018-04-05 22:28:00",500,11.80433,0.8187928,59.1649,4.102568,1
"2018-04-05 22:29:00",501,11.73922,0.818734,59.42086,4.102788,1
"2018-04-05 22:30:00",502,11.75009,0.8409287,60.98876,4.484679,1
"2018-04-05 22:31:00",503,11.74399,0.9053824,65.66862,5.540022,1
"2018-04-05 22:32:00",504,11.83774,0.9322267,67.21982,5.966544,1
"2018-04-05 22:33:00",505,11.90656,0.9366395,67.23023,6.034519,1
"2018-04-05 22:34:00",506,11.7485,0.9580717,69.47486,6.359178,1
"2018-04-05 22:35:00",507,11.72093,0.9237277,67.12095,5.833714,1
"2018-04-05 22:36:00",508,11.54229,0.8910706,65.51305,5.313771,1
"2018-04-05 22:37:00",509,11.57709,0.9307586,68.28182,5.944078,1
"2018-04-05 22:38:00",510,11.48697,0.8662539,63.92824,4.909398,1
"2018-04-05 22:39:00",511,11.48501,0.8830348,65.15912,5.181336,1
"2018-04-05 22:40:00",512,11.36064,0.8888686,66.14089,5.277893,1
"2018-04-05 22:41:00",513,11.3294,0.8995618,67.08376,5.451827,1
"2018-04-05 22:42:00",514,11.28766,0.8895596,66.51951,5.290401,1
"2018-04-05 22:43:00",515,11.36033,0.8473215,63.05728,4.592771,1
"2018-04-05 22:44:00",516,11.26829,0.808485,60.53246,3.922784,1
"2018-04-05 22:45:00",517,11.35202,0.8186138,60.95622,4.10114,1
"2018-04-05 22:46:00",518,11.32245,0.890081,66.40726,5.299296,1
"2018-04-05 22:47:00",519,11.14024,0.8833046,66.70374,5.189513,1
"2018-04-05 22:48:00",520,9.977877,0.7856452,64.0199,3.496481,1
"2018-04-05 22:49:00",521,9.715586,0.7732424,64.21845,3.291111,1
"2018-04-05 22:50:00",522,9.794702,0.7775017,64.22863,3.368548,1
"2018-04-05 22:51:00",523,9.663494,0.7484922,62.38113,2.831608,1
"2018-04-05 22:52:00",524,9.560414,0.7229354,60.66937,2.342573,1
"2018-04-05 22:53:00",525,9.599483,0.6931322,58.0144,1.752444,1
"2018-04-05 22:54:00",526,9.681767,0.7330666,61.02342,2.538983,1
"2018-04-05 22:55:00",527,9.551743,0.724855,60.86364,2.379291,1
"2018-04-05 22:56:00",528,9.66055,0.7206565,60.07818,2.299573,1
"2018-04-05 22:57:00",529,9.634379,0.7405519,61.84333,2.682028,1
"2018-04-05 22:58:00",530,9.579755,0.764236,64.04635,3.124073,1
"2018-04-05 22:59:00",531,9.63639,0.779573,65.08132,3.404776,1
"2018-04-05 23:00:00",532,9.691362,0.7746526,64.44455,3.317829,1
"2018-04-05 23:01:00",533,9.672103,0.7675476,63.93485,3.187175,1
"2018-04-05 23:02:00",534,9.771393,0.7420952,61.40475,2.711388,1
"2018-04-05 23:03:00",535,9.680256,0.6982591,58.13062,1.856312,1
"2018-04-05 23:04:00",536,9.67459,0.6823748,56.82558,1.533799,1
"2018-04-05 23:05:00",537,9.682386,0.6427817,53.50662,0.7043317,1
"2018-04-05 23:06:00",538,9.585996,0.7177146,60.13033,2.24143,1
"2018-04-05 23:07:00",539,9.61047,0.7542217,63.08706,2.940089,1
"2018-04-05 23:08:00",540,9.404439,0.7415719,62.886,2.699695,1
"2018-04-05 23:09:00",541,9.368289,0.6906859,58.71618,1.703123,1
"2018-04-05 23:10:00",542,9.484231,0.6257519,52.787,0.3327049,1
"2018-04-05 23:11:00",543,9.50769,0.658211,55.43662,1.033073,1
"2018-04-05 23:12:00",544,9.46793,0.7030814,59.36968,1.951711,1
"2018-04-05 23:13:00",545,9.221986,0.7757839,66.57145,3.330376,1
"2018-04-05 23:14:00",546,6.663322,0.6492012,66.32205,0.8355482,1
"2018-04-05 23:15:00",547,5.999656,0.6144174,65.74368,0.08123894,1
"2018-04-05 23:16:00",548,5.893238,0.5921685,63.8327,-0.4258621,1
"2018-04-05 23:17:00",549,5.716705,0.5699399,62.19289,-0.9498915,1
"2018-04-05 23:18:00",550,5.628046,0.5385774,59.13128,-1.721439,1
"2018-04-05 23:19:00",551,5.883722,0.5460094,58.89602,-1.534755,1
"2018-04-05 23:20:00",552,6.003145,0.552975,59.15616,-1.362263,1
"2018-04-05 23:21:00",553,5.994782,0.5574588,59.66819,-1.2527,1
"2018-04-05 23:22:00",554,6.100356,0.5685389,60.4127,-0.9838006,1
"2018-04-05 23:23:00",555,6.096053,0.5700849,60.5948,-0.946733,1
"2018-04-05 23:24:00",556,6.248556,0.6087336,64.02539,-0.04665272,1
"2018-04-05 23:25:00",557,6.139318,0.5944443,62.99593,-0.3733318,1
"2018-04-05 23:26:00",558,6.09074,0.6040562,64.22829,-0.1531739,1
"2018-04-05 23:27:00",559,6.15823,0.6255142,66.2018,0.3283463,1
"2018-04-05 23:28:00",560,6.151364,0.6216712,65.82558,0.2430974,1
"2018-04-05 23:29:00",561,6.125424,0.6208208,65.85524,0.2245758,1
"2018-04-05 23:30:00",562,6.111239,0.6220094,66.04547,0.2508576,1
"2018-04-05 23:31:00",563,6.042872,0.6146029,65.56641,0.08522461,1
"2018-04-05 23:32:00",564,5.94323,0.6230057,66.92316,0.2726935,1
"2018-04-05 23:33:00",565,6.004881,0.6114181,65.39857,0.01368692,1
"2018-04-05 23:34:00",566,5.962877,0.5930895,63.62488,-0.4044554,1
"2018-04-05 23:35:00",567,6.074633,0.6200712,66.00659,0.2078051,1
"2018-04-05 23:36:00",568,5.998156,0.5903706,63.17812,-0.4676736,1
"2018-04-05 23:37:00",569,5.946655,0.5753336,61.78904,-0.8211446,1
"2018-04-05 23:38:00",570,5.924564,0.5639939,60.664,-1.093184,1
"2018-04-05 23:39:00",571,5.954799,0.5566644,59.74983,-1.271773,1
"2018-04-05 23:40:00",572,6.010887,0.566338,60.55315,-1.036595,1
"2018-04-05 23:41:00",573,5.972798,0.5366998,57.53569,-1.768509,1
"2018-04-05 23:42:00",574,6.079236,0.5869872,62.46497,-0.5464823,1
"2018-04-05 23:43:00",575,6.029706,0.6087032,64.9973,-0.04743762,1
"2018-04-05 23:44:00",576,5.680601,0.5695075,62.29886,-0.9608421,1
"2018-04-05 23:45:00",577,5.4111,0.5566514,62.04363,-1.272277,1
"2018-04-05 23:46:00",578,5.18435,0.54268,61.44924,-1.61804,1
"2018-04-05 23:47:00",579,5.053847,0.5401406,61.72006,-1.68184,1
"2018-04-05 23:48:00",580,5.014689,0.5489408,62.8978,-1.461937,1
"2018-04-05 23:49:00",581,5.135833,0.5764792,65.49712,-0.7940373,1
"2018-04-05 23:50:00",582,5.048495,0.5233672,59.82694,-2.109363,1
"2018-04-05 23:51:00",583,5.068654,0.5631438,64.28271,-1.113812,1
"2018-04-05 23:52:00",584,5.022311,0.5741573,65.75171,-0.8492098,1
"2018-04-05 23:53:00",585,4.974576,0.5760904,66.19391,-0.8030485,1
"2018-04-05 23:54:00",586,4.943407,0.5465486,62.93608,-1.52131,1
"2018-04-05 23:55:00",587,4.895092,0.5011758,57.90478,-2.694841,1
"2018-04-05 23:56:00",588,4.998216,0.5320122,61.02808,-1.887529,1
"2018-04-05 23:57:00",589,5.089876,0.5735658,65.37601,-0.8631698,1
"2018-04-05 23:58:00",590,4.942738,0.5457435,62.84619,-1.541388,1
"2018-04-05 23:59:00",591,4.997158,0.5404294,61.9985,-1.674385,1
"2018-04-06 00:00:00",592,4.980924,0.4962627,56.99605,-2.827176,1
"2018-04-06 00:01:00",593,5.053364,0.4868396,55.63134,-3.085035,1
"2018-04-06 00:02:00",594,5.164353,0.5523589,62.63341,-1.377289,1
"2018-04-06 00:03:00",595,5.041085,0.5423175,62.02475,-1.627011,1
"2018-04-06 00:04:00",596,4.925984,0.5559146,64.09182,-1.290084,1
"2018-04-06 00:05:00",597,4.812141,0.5579414,64.83963,-1.240291,1
"2018-04-06 00:06:00",598,4.849772,0.5448658,63.15198,-1.56362,1
"2018-04-06 00:07:00",599,4.765796,0.4800195,55.96502,-3.274058,1
"2018-04-06 00:08:00",600,4.698391,0.4532922,53.09865,-4.039553,1
"2018-04-06 00:09:00",601,4.804787,0.4561669,53.03938,-3.955373,1
"2018-04-06 00:10:00",602,4.862727,0.469693,54.3913,-3.565312,1
"2018-04-06 00:11:00",603,4.88827,0.513982,59.41298,-2.354401,1
"2018-04-06 00:12:00",604,4.717613,0.4824135,56.43388,-3.207337,1
"2018-04-06 00:13:00",605,4.806569,0.549624,63.89683,-1.445141,1
"2018-04-06 00:14:00",606,4.80803,0.553504,64.34224,-1.349156,1
"2018-04-06 00:15:00",607,4.764185,0.5327657,62.12133,-1.868287,1
"2018-04-06 00:16:00",608,4.852716,0.4888095,56.64403,-3.030756,1
"2018-04-06 00:17:00",609,4.942562,0.4896824,56.3911,-3.006634,1
"2018-04-06 00:18:00",610,4.944118,0.5403976,62.22445,-1.675228,1
"2018-04-06 00:19:00",611,4.854772,0.5426143,62.8711,-1.619477,1
"2018-04-06 00:20:00",612,4.706008,0.530029,62.05404,-1.938116,1
"2018-04-06 00:21:00",613,4.807664,0.5580114,64.86822,-1.238543,1
"2018-04-06 00:22:00",614,4.807068,0.537765,62.5173,-1.7414,1
"2018-04-06 00:23:00",615,4.788518,0.5361974,62.41471,-1.781288,1
"2018-04-06 00:24:00",616,4.66578,0.5219303,61.27835,-2.146586,1
"2018-04-06 00:25:00",617,4.585118,0.5284085,62.38983,-1.979566,1
"2018-04-06 00:26:00",618,4.677002,0.5822688,68.30846,-0.6570315,1
"2018-04-06 00:27:00",619,4.617133,0.5673998,66.84395,-1.010826,1
"2018-04-06 00:28:00",620,4.614294,0.5422666,63.89587,-1.628155,1
"2018-04-06 00:29:00",621,4.602074,0.5327914,62.83312,-1.867494,1
"2018-04-06 00:30:00",622,4.538734,0.5256022,62.26058,-2.051642,1
"2018-04-06 00:31:00",623,4.537712,0.5352038,63.40107,-1.806515,1
"2018-04-06 00:32:00",624,4.664392,0.5074857,59.58821,-2.525789,1
"2018-04-06 00:33:00",625,4.594765,0.4664507,55.03662,-3.657997,1
"2018-04-06 00:34:00",626,4.714915,0.4932814,57.71625,-2.908114,1
"2018-04-06 00:35:00",627,4.683374,0.4907224,57.54309,-2.978146,1
"2018-04-06 00:36:00",628,4.810609,0.5175914,60.1565,-2.259605,1
"2018-04-06 00:37:00",629,4.897582,0.5491781,63.44157,-1.455972,1
"2018-04-06 00:38:00",630,4.88828,0.5718856,66.10733,-0.9033188,1
"2018-04-06 00:39:00",631,4.851475,0.5336206,61.84326,-1.846439,1
"2018-04-06 00:40:00",632,4.794861,0.4981706,57.96324,-2.775498,1
"2018-04-06 00:41:00",633,4.703749,0.4838778,56.65858,-3.167032,1
"2018-04-06 00:42:00",634,4.789557,0.5559758,64.71327,-1.288388,1
"2018-04-06 00:43:00",635,4.704611,0.5607778,65.66076,-1.171129,1
"2018-04-06 00:44:00",636,4.464181,0.5379672,64.05737,-1.736609,1
"2018-04-06 00:45:00",637,4.435452,0.5379623,64.18738,-1.736403,1
"2018-04-06 00:46:00",638,4.425793,0.5454825,65.12734,-1.548036,1
"2018-04-06 00:47:00",639,4.494344,0.5447348,64.72752,-1.566485,1
"2018-04-06 00:48:00",640,4.294651,0.5231999,63.0442,-2.113852,1
"2018-04-06 00:49:00",641,4.129978,0.5097402,62.1372,-2.465937,1
"2018-04-06 00:50:00",642,4.094301,0.4899613,59.87546,-2.999,1
"2018-04-06 00:51:00",643,4.172495,0.5203857,63.24564,-2.186678,1
"2018-04-06 00:52:00",644,4.364285,0.5615256,67.33355,-1.152931,1
"2018-04-06 00:53:00",645,4.370076,0.538366,64.53005,-1.726311,1
"2018-04-06 00:54:00",646,4.281349,0.5188513,62.57941,-2.226596,1
"2018-04-06 00:55:00",647,4.204938,0.5147013,62.41264,-2.335141,1
"2018-04-06 00:56:00",648,4.101153,0.5012699,61.22788,-2.69202,1
"2018-04-06 00:57:00",649,4.148238,0.5097594,62.05979,-2.465456,1
"2018-04-06 00:58:00",650,4.12115,0.504523,61.53885,-2.604821,1
"2018-04-06 00:59:00",651,4.087971,0.4919961,60.15062,-2.943354,1
"2018-04-06 01:00:00",652,4.108758,0.4846738,59.16921,-3.144694,1
"2018-04-06 01:01:00",653,4.131072,0.4741621,57.79581,-3.438475,1
"2018-04-06 01:02:00",654,4.195014,0.4965118,60.24897,-2.820277,1
"2018-04-06 01:03:00",655,4.252578,0.5281407,63.82846,-1.986385,1
"2018-04-06 01:04:00",656,4.269498,0.511943,61.7968,-2.407892,1
"2018-04-06 01:05:00",657,4.15236,0.489029,59.51813,-3.024634,1
"2018-04-06 01:06:00",658,4.20353,0.5001736,60.65696,-2.721377,1
"2018-04-06 01:07:00",659,4.276533,0.5234969,63.161,-2.106002,1
"2018-04-06 01:08:00",660,4.196086,0.5238821,63.56462,-2.096184,1
"2018-04-06 01:09:00",661,4.18299,0.515335,62.58554,-2.318578,1
"2018-04-06 01:10:00",662,4.207917,0.5440252,65.95458,-1.584161,1
"2018-04-06 01:11:00",663,4.078067,0.5408637,66.17078,-1.663618,1
"2018-04-06 01:12:00",664,4.055833,0.5411201,66.30707,-1.656886,1
"2018-04-06 01:13:00",665,4.025316,0.4847588,59.52688,-3.142502,1
"2018-04-06 01:14:00",666,4.08814,0.5204832,63.63313,-2.184194,1
"2018-04-06 01:15:00",667,3.945212,0.5325315,65.76207,-1.874513,1
"2018-04-06 01:16:00",668,3.755666,0.5190281,64.95737,-2.221966,1
"2018-04-06 01:17:00",669,3.676843,0.515383,64.85984,-2.317365,1
"2018-04-06 01:18:00",670,3.801734,0.5251849,65.51508,-2.062357,1
"2018-04-06 01:19:00",671,3.738573,0.4975328,62.34153,-2.792774,1
"2018-04-06 01:20:00",672,3.740606,0.4821524,60.40575,-3.214669,1
"2018-04-06 01:21:00",673,3.735011,0.4703624,58.95168,-3.546301,1
"2018-04-06 01:22:00",674,3.857901,0.5035613,62.56915,-2.630506,1
"2018-04-06 01:23:00",675,3.885569,0.5147278,63.83255,-2.334457,1
"2018-04-06 01:24:00",676,3.858172,0.5276544,65.56172,-1.998899,1
"2018-04-06 01:25:00",677,3.882551,0.5280234,65.49538,-1.989366,1
"2018-04-06 01:26:00",678,3.889513,0.5317175,65.9211,-1.894898,1
"2018-04-06 01:27:00",679,3.832343,0.5179886,64.4779,-2.24913,1
"2018-04-06 01:28:00",680,3.799588,0.5001344,62.39931,-2.722437,1
"2018-04-06 01:29:00",681,3.838891,0.4929696,61.33554,-2.916585,1
"2018-04-06 01:30:00",682,3.828165,0.5037482,62.72383,-2.625442,1
"2018-04-06 01:31:00",683,3.762425,0.470984,58.91637,-3.528482,1
"2018-04-06 01:32:00",684,3.860208,0.515372,64.0267,-2.317539,1
"2018-04-06 01:33:00",685,3.763422,0.4677628,58.50913,-3.620293,1
"2018-04-06 01:34:00",686,3.828423,0.4684979,58.33318,-3.599361,1
"2018-04-06 01:35:00",687,3.905316,0.5248058,64.99171,-2.072239,1
"2018-04-06 01:36:00",688,3.819289,0.5133834,63.96281,-2.369943,1
"2018-04-06 01:37:00",689,3.803368,0.4958528,61.84902,-2.838095,1
"2018-04-06 01:38:00",690,3.822854,0.535143,66.65782,-1.807779,1
"2018-04-06 01:39:00",691,3.739405,0.5450722,68.29422,-1.558146,1
"2018-04-06 01:40:00",692,3.798598,0.5347716,66.7254,-1.817206,1
"2018-04-06 01:41:00",693,3.719596,0.5179225,64.98296,-2.251004,1
"2018-04-06 01:42:00",694,3.694477,0.4994975,62.78306,-2.739594,1
"2018-04-06 01:43:00",695,3.78267,0.5161243,64.47104,-2.297853,1
"2018-04-06 01:44:00",696,3.758924,0.5027289,62.90253,-2.652816,1
"2018-04-06 01:45:00",697,3.838267,0.506086,62.96988,-2.563069,1
"2018-04-06 01:46:00",698,3.7819,0.4834802,60.39634,-3.177739,1
"2018-04-06 01:47:00",699,3.894951,0.5118214,63.43002,-2.410985,1
"2018-04-06 01:48:00",700,3.943049,0.5499504,67.92435,-1.436985,1
"2018-04-06 01:49:00",701,3.974566,0.5331757,65.70783,-1.857701,1
"2018-04-06 01:50:00",702,3.94832,0.519557,64.1466,-2.20843,1
"2018-04-06 01:51:00",703,4.04423,0.5483838,67.25178,-1.475602,1
"2018-04-06 01:52:00",704,3.976244,0.5490188,67.65158,-1.459979,1
"2018-04-06 01:53:00",705,3.889188,0.500286,62.02517,-2.718488,1
"2018-04-06 01:54:00",706,3.958008,0.4667857,57.5924,-3.648311,1
"2018-04-06 01:55:00",707,4.035671,0.4593946,56.37208,-3.861355,1
"2018-04-06 01:56:00",708,3.99449,0.4542373,55.9008,-4.01187,1
"2018-04-06 01:57:00",709,3.991818,0.4566376,56.20678,-3.941629,1
"2018-04-06 01:58:00",710,4.143353,0.5028805,61.2429,-2.648779,1
"2018-04-06 01:59:00",711,4.208828,0.5558837,67.38817,-1.290574,1
"2018-04-06 02:00:00",712,4.022826,0.5438094,66.79084,-1.589613,1
"2018-04-06 02:01:00",713,3.942532,0.5457984,67.41509,-1.539885,1
"2018-04-06 02:02:00",714,3.881025,0.547455,67.9129,-1.498666,1
"2018-04-06 02:03:00",715,3.931539,0.5429754,67.11818,-1.610414,1
"2018-04-06 02:04:00",716,4.003616,0.5400462,66.41864,-1.68391,1
"2018-04-06 02:05:00",717,3.975933,0.5625096,69.31476,-1.12927,1
"2018-04-06 02:06:00",718,3.89786,0.5477433,67.86812,-1.491524,1
"2018-04-06 02:07:00",719,3.833966,0.5392478,67.11511,-1.704335,1
"2018-04-06 02:08:00",720,3.76198,0.5212228,65.20104,-2.1653,1
"2018-04-06 02:09:00",721,3.855806,0.5315153,66.0527,-1.900024,1
"2018-04-06 02:10:00",722,3.868904,0.5332784,66.21027,-1.855203,1
"2018-04-06 02:11:00",723,3.889441,0.5314859,65.89271,-1.900808,1
"2018-04-06 02:12:00",724,3.884389,0.529404,65.65631,-1.954352,1
"2018-04-06 02:13:00",725,3.947885,0.5362064,66.20419,-1.781043,1
"2018-04-06 02:14:00",726,4.02226,0.5429631,66.68968,-1.610758,1
"2018-04-06 02:15:00",727,4.167382,0.5698988,69.28703,-0.9510109,1
"2018-04-06 02:16:00",728,4.222314,0.5668587,68.65155,-1.024222,1
"2018-04-06 02:17:00",729,4.221145,0.5660006,68.55457,-1.044652,1
"2018-04-06 02:18:00",730,4.254262,0.5680564,68.64442,-0.9950177,1
"2018-04-06 02:19:00",731,4.172403,0.5215973,63.39267,-2.155351,1
"2018-04-06 02:20:00",732,4.231115,0.5511351,66.70588,-1.407895,1
"2018-04-06 02:21:00",733,4.25223,0.550977,66.58933,-1.411531,1
"2018-04-06 02:22:00",734,4.301955,0.5683374,68.44663,-0.9887292,1
"2018-04-06 02:23:00",735,4.284195,0.5740674,69.22515,-0.8511381,1
"2018-04-06 02:24:00",736,4.235221,0.5744194,69.50525,-0.8429007,1
"2018-04-06 02:25:00",737,4.121028,0.5596186,68.25946,-1.199466,1
"2018-04-06 02:26:00",738,4.098076,0.5535302,67.62637,-1.34846,1
"2018-04-06 02:27:00",739,4.048074,0.5453293,66.85897,-1.551621,1
"2018-04-06 02:28:00",740,3.958707,0.5371444,66.26958,-1.75731,1
"2018-04-06 02:29:00",741,3.959186,0.5294954,65.32452,-1.951701,1
"2018-04-06 02:30:00",742,4.003905,0.5256631,64.64758,-2.050237,1
"2018-04-06 02:31:00",743,3.994274,0.5282985,65.01556,-1.982515,1
"2018-04-06 02:32:00",744,3.966467,0.5137219,63.34486,-2.361188,1
"2018-04-06 02:33:00",745,3.995014,0.5148573,63.35868,-2.331122,1
"2018-04-06 02:34:00",746,4.02936,0.536372,65.84596,-1.776931,1
"2018-04-06 02:35:00",747,4.084138,0.5499526,67.2549,-1.436804,1
"2018-04-06 02:36:00",748,4.066506,0.5371389,65.76901,-1.757365,1
"2018-04-06 02:37:00",749,4.086566,0.5467734,66.85383,-1.515878,1
"2018-04-06 02:38:00",750,4.259611,0.5793793,69.98622,-0.7250908,1
"2018-04-06 02:39:00",751,4.270611,0.5843404,70.52984,-0.6085124,1
"2018-04-06 02:40:00",752,4.314268,0.5885772,70.82378,-0.5094972,1
"2018-04-06 02:41:00",753,4.125896,0.5449328,66.44414,-1.561907,1
"2018-04-06 02:42:00",754,4.120506,0.5194958,63.36805,-2.209908,1
"2018-04-06 02:43:00",755,4.113461,0.5390331,65.78367,-1.709545,1
"2018-04-06 02:44:00",756,4.069838,0.5390078,65.98196,-1.71029,1
"2018-04-06 02:45:00",757,4.072635,0.5515829,67.50834,-1.396597,1
"2018-04-06 02:46:00",758,4.030101,0.5447682,66.8746,-1.565619,1
"2018-04-06 02:47:00",759,4.07241,0.5536352,67.75966,-1.346201,1
"2018-04-06 02:48:00",760,4.215228,0.5649326,68.45362,-1.070446,1
"2018-04-06 02:49:00",761,4.192982,0.550684,66.83036,-1.418951,1
"2018-04-06 02:50:00",762,4.104207,0.5257798,64.20747,-2.04729,1
"2018-04-06 02:51:00",763,4.199077,0.538866,65.36968,-1.713638,1
"2018-04-06 02:52:00",764,4.241695,0.5585211,67.54995,-1.226437,1
"2018-04-06 02:53:00",765,4.224148,0.5620938,68.06574,-1.139468,1
"2018-04-06 02:54:00",766,4.122779,0.544482,66.40507,-1.572884,1
"2018-04-06 02:55:00",767,4.157664,0.5518444,67.13834,-1.390109,1
"2018-04-06 02:56:00",768,4.154562,0.5500094,66.92856,-1.435684,1
"2018-04-06 02:57:00",769,4.10277,0.5571459,68.04565,-1.259736,1
"2018-04-06 02:58:00",770,4.129006,0.5678578,69.22608,-0.9998615,1
"2018-04-06 02:59:00",771,4.088979,0.5637866,68.92263,-1.098254,1
"2018-04-06 03:00:00",772,4.157457,0.5751506,69.97379,-0.8256615,1
"2018-04-06 03:01:00",773,4.311386,0.5910882,71.14186,-0.4507833,1
"2018-04-06 03:02:00",774,4.199378,0.5633001,68.33114,-1.110081,1
"2018-04-06 03:03:00",775,4.184346,0.5662758,68.76535,-1.037999,1
"2018-04-06 03:04:00",776,4.199672,0.5762068,69.8962,-0.8002908,1
"2018-04-06 03:05:00",777,4.135197,0.5624566,68.53682,-1.13056,1
"2018-04-06 03:06:00",778,4.067626,0.555406,67.99912,-1.302713,1
"2018-04-06 03:07:00",779,3.973088,0.5606676,69.10258,-1.173835,1
"2018-04-06 03:08:00",780,3.883247,0.5549175,68.82602,-1.314679,1
"2018-04-06 03:09:00",781,3.827963,0.5512609,68.64082,-1.404391,1
"2018-04-06 03:10:00",782,3.750107,0.549846,68.83985,-1.439618,1
"2018-04-06 03:11:00",783,3.777921,0.5537379,69.19281,-1.343294,1
"2018-04-06 03:12:00",784,3.908677,0.582761,72.15175,-0.6454014,1
"2018-04-06 03:13:00",785,3.903969,0.5726752,70.92556,-0.8845747,1
"2018-04-06 03:14:00",786,3.875491,0.5674223,70.41695,-1.010334,1
"2018-04-06 03:15:00",787,3.788699,0.5598323,69.89963,-1.194399,1
"2018-04-06 03:16:00",788,3.825456,0.561268,69.89927,-1.159161,1
"2018-04-06 03:17:00",789,3.851707,0.5635027,70.04803,-1.104925,1
"2018-04-06 03:18:00",790,3.788132,0.5388964,67.28939,-1.712946,1
"2018-04-06 03:19:00",791,3.762591,0.508213,63.57263,-2.506448,1
"2018-04-06 03:20:00",792,3.747924,0.4955088,62.0471,-2.847613,1
"2018-04-06 03:21:00",793,3.895613,0.5082867,62.98934,-2.504458,1
"2018-04-06 03:22:00",794,3.844316,0.5183902,64.47295,-2.23877,1
"2018-04-06 03:23:00",795,3.886706,0.5378906,66.69845,-1.738496,1
"2018-04-06 03:24:00",796,3.935936,0.5555932,68.6558,-1.297907,1
"2018-04-06 03:25:00",797,4.081224,0.5759429,70.44766,-0.8065764,1
"2018-04-06 03:26:00",798,4.037209,0.5347766,65.61536,-1.817058,1
"2018-04-06 03:27:00",799,3.973018,0.5253852,64.75459,-2.057247,1
"2018-04-06 03:28:00",800,3.960109,0.5226878,64.47984,-2.127105,1
"2018-04-06 03:29:00",801,3.977476,0.5054662,62.27998,-2.579549,1
"2018-04-06 03:30:00",802,3.915284,0.5188778,64.21161,-2.226161,1
"2018-04-06 03:31:00",803,3.98797,0.5211247,64.16211,-2.16744,1
"2018-04-06 03:32:00",804,3.989346,0.51405,63.284,-2.35244,1
"2018-04-06 03:33:00",805,4.01087,0.5511242,67.74531,-1.40799,1
"2018-04-06 03:34:00",806,3.955444,0.5718206,70.56421,-0.9049057,1
"2018-04-06 03:35:00",807,3.761728,0.5595325,69.9957,-1.201577,1
"2018-04-06 03:36:00",808,3.653575,0.5478912,69.06449,-1.487867,1
"2018-04-06 03:37:00",809,3.883258,0.562731,69.79432,-1.124144,1
"2018-04-06 03:38:00",810,4.204566,0.5843767,70.86238,-0.6075627,1
"2018-04-06 03:39:00",811,4.336442,0.5898517,70.8671,-0.4797737,1
"2018-04-06 03:40:00",812,4.404533,0.5943558,71.06451,-0.3760698,1
"2018-04-06 03:41:00",813,4.565885,0.6085969,71.95398,-0.04963027,1
"2018-04-06 03:42:00",814,4.549406,0.5841808,69.14661,-0.6122302,1
"2018-04-06 03:43:00",815,4.436512,0.5582502,66.59738,-1.233842,1
"2018-04-06 03:44:00",816,4.587016,0.566914,66.92672,-1.022705,1
"2018-04-06 03:45:00",817,4.54741,0.567141,67.1371,-1.017698,1
"2018-04-06 03:46:00",818,4.638678,0.5718972,67.27126,-0.9031395,1
"2018-04-06 03:47:00",819,4.6534,0.5791263,68.05147,-0.731264,1
"2018-04-06 03:48:00",820,4.673644,0.5932536,69.61,-0.4013719,1
"2018-04-06 03:49:00",821,4.796472,0.621298,72.28075,0.23511,1
"2018-04-06 03:50:00",822,4.786684,0.6220498,72.41486,0.2512584,1
"2018-04-06 03:51:00",823,4.838372,0.6028013,69.92351,-0.1814257,1
"2018-04-06 03:52:00",824,4.767346,0.5665935,66.05098,-1.03039,1
"2018-04-06 03:53:00",825,4.737396,0.5631402,65.78494,-1.114075,1
"2018-04-06 03:54:00",826,4.692329,0.5722509,67.06106,-0.8946325,1
"2018-04-06 03:55:00",827,4.69562,0.5935656,69.54247,-0.3935998,1
"2018-04-06 03:56:00",828,4.62641,0.5500429,64.75384,-1.435197,1
"2018-04-06 03:57:00",829,4.791397,0.5982469,69.62239,-0.2858751,1
"2018-04-06 03:58:00",830,4.656588,0.6113026,71.81522,0.01118452,1
"2018-04-06 03:59:00",831,4.733856,0.6273636,73.30631,0.3692634,1
"2018-04-06 04:00:00",832,4.719656,0.6175677,72.23292,0.1519145,1
"2018-04-06 04:01:00",833,4.637824,0.6143724,72.27252,0.08057402,1
"2018-04-06 04:02:00",834,4.579767,0.6113738,72.21225,0.01310279,1
"2018-04-06 04:03:00",835,4.555844,0.6134704,72.58096,0.06021401,1
"2018-04-06 04:04:00",836,4.439726,0.6085042,72.57832,-0.0523019,1
"2018-04-06 04:05:00",837,4.45467,0.6220308,74.1161,0.2512067,1
"2018-04-06 04:06:00",838,4.421304,0.6216352,74.24332,0.2426123,1
"2018-04-06 04:07:00",839,4.348189,0.615649,73.90607,0.1091041,1
"2018-04-06 04:08:00",840,4.303407,0.6157298,74.1421,0.1097744,1
"2018-04-06 04:09:00",841,4.478237,0.6227165,74.07636,0.2665893,1
"2018-04-06 04:10:00",842,4.49743,0.6206882,73.7363,0.2216263,1
"2018-04-06 04:11:00",843,4.513008,0.6241393,74.06532,0.2981501,1
"2018-04-06 04:12:00",844,4.534641,0.6319444,74.87814,0.4699166,1
"2018-04-06 04:13:00",845,4.525398,0.6354725,75.34441,0.5468445,1
"2018-04-06 04:14:00",846,4.464065,0.6261559,74.55717,0.3422313,1
"2018-04-06 04:15:00",847,4.369997,0.6159376,73.82379,0.1148238,1
"2018-04-06 04:16:00",848,4.406635,0.6240564,74.60862,0.2961876,1
"2018-04-06 04:17:00",849,4.417255,0.6135358,73.2963,0.06162245,1
"2018-04-06 04:18:00",850,4.452287,0.6116673,72.89411,0.01962052,1
"2018-04-06 04:19:00",851,4.55865,0.6403919,75.75148,0.6536656,1
"2018-04-06 04:20:00",852,4.478317,0.6255916,74.4179,0.3301921,1
"2018-04-06 04:21:00",853,4.382401,0.6115441,73.23777,0.01695667,1
"2018-04-06 04:22:00",854,4.390633,0.6182645,73.99954,0.167566,1
"2018-04-06 04:23:00",855,4.390864,0.6192152,74.11174,0.1886915,1
"2018-04-06 04:24:00",856,4.259264,0.6104162,73.73027,-0.00966673,1
"2018-04-06 04:25:00",857,4.389149,0.6180634,73.9832,0.1630879,1
"2018-04-06 04:26:00",858,4.386802,0.6119555,73.26423,0.02618307,1
"2018-04-06 04:27:00",859,4.351093,0.6054453,72.66628,-0.1211365,1
"2018-04-06 04:28:00",860,4.285972,0.6086493,73.38214,-0.04904707,1
"2018-04-06 04:29:00",861,4.357376,0.6073614,72.86396,-0.07767848,1
"2018-04-06 04:30:00",862,4.414945,0.6145704,73.43199,0.08488815,1
"2018-04-06 04:31:00",863,4.45924,0.631785,75.25413,0.4661699,1
"2018-04-06 04:32:00",864,4.535254,0.651734,77.21735,0.8966937,1
"2018-04-06 04:33:00",865,4.446141,0.6340196,75.58359,0.5139036,1
"2018-04-06 04:34:00",866,4.506585,0.6196836,73.56921,0.1991641,1
"2018-04-06 04:35:00",867,4.499226,0.6082028,72.2441,-0.05847566,1
"2018-04-06 04:36:00",868,4.547661,0.6219832,73.63079,0.2504019,1
"2018-04-06 04:37:00",869,4.487471,0.6315158,75.07461,0.4604838,1
"2018-04-06 04:38:00",870,4.337438,0.6336028,76.1175,0.50589,1
"2018-04-06 04:39:00",871,4.257602,0.6273087,75.78474,0.3679002,1
"2018-04-06 04:40:00",872,3.918776,0.6097537,75.43436,-0.02442112,1
"2018-04-06 04:41:00",873,3.587132,0.5985147,75.79603,-0.2800551,1
"2018-04-06 04:42:00",874,3.585496,0.6004067,76.04864,-0.2359062,1
"2018-04-06 04:43:00",875,3.619788,0.5927924,74.90264,-0.4112895,1
"2018-04-06 04:44:00",876,3.696918,0.5877791,73.86633,-0.527856,1
"2018-04-06 04:45:00",877,3.724698,0.5713934,71.66659,-0.9150498,1
"2018-04-06 04:46:00",878,3.766438,0.5503523,68.82427,-1.427038,1
"2018-04-06 04:47:00",879,3.7615,0.5441182,68.06706,-1.582287,1
"2018-04-06 04:48:00",880,3.829448,0.555737,69.19062,-1.294283,1
"2018-04-06 04:49:00",881,3.786763,0.5690028,71.05506,-0.9724246,1
"2018-04-06 04:50:00",882,3.807967,0.5740783,71.58218,-0.850955,1
"2018-04-06 04:51:00",883,3.91113,0.6005455,74.34034,-0.2328678,1
"2018-04-06 04:52:00",884,4.03401,0.6217538,76.30342,0.2452556,1
"2018-04-06 04:53:00",885,3.974259,0.6148718,75.77666,0.09174158,1
"2018-04-06 04:54:00",886,3.903159,0.617503,76.47653,0.1495529,1
"2018-04-06 04:55:00",887,3.891878,0.6198757,76.83172,0.2025296,1
"2018-04-06 04:56:00",888,4.019844,0.6326669,77.71474,0.484738,1
"2018-04-06 04:57:00",889,4.115811,0.6409268,78.19872,0.6640054,1
"2018-04-06 04:58:00",890,4.026923,0.6218205,76.3462,0.2461156,1
"2018-04-06 04:59:00",891,4.048444,0.6365016,78.02742,0.5681056,1
"2018-04-06 05:00:00",892,4.020221,0.6390265,78.49247,0.6229108,1
"2018-04-06 05:01:00",893,4.066633,0.6339382,77.62082,0.5134968,1
"2018-04-06 05:02:00",894,3.995983,0.6337658,77.98601,0.5097336,1
"2018-04-06 05:03:00",895,3.934603,0.6208846,76.73187,0.2260666,1
"2018-04-06 05:04:00",896,3.828482,0.6038604,75.18738,-0.1570404,1
"2018-04-06 05:05:00",897,3.885157,0.6294701,78.0639,0.4157366,1
"2018-04-06 05:06:00",898,3.90235,0.6325954,78.35654,0.4842048,1
"2018-04-06 05:07:00",899,3.898618,0.6298376,78.03556,0.4238109,1
"2018-04-06 05:08:00",900,3.754038,0.6045951,75.67427,-0.1403623,1
"2018-04-06 05:09:00",901,3.605867,0.5923412,74.91902,-0.4217668,1
"2018-04-06 05:10:00",902,3.74058,0.6091946,76.32193,-0.0360996,1
"2018-04-06 05:11:00",903,3.658477,0.608626,76.69079,-0.04938562,1
"2018-04-06 05:12:00",904,3.840914,0.6404184,79.66486,0.6535538,1
"2018-04-06 05:13:00",905,3.880729,0.6231331,77.30134,0.2758141,1
"2018-04-06 05:14:00",906,3.877976,0.6163378,76.47306,0.1244876,1
"2018-04-06 05:15:00",907,3.849269,0.6071296,75.48251,-0.08298645,1
"2018-04-06 05:16:00",908,3.883978,0.6157978,76.37334,0.112318,1
"2018-04-06 05:17:00",909,3.790253,0.6162458,76.93076,0.1216151,1
"2018-04-06 05:18:00",910,3.704547,0.6097919,76.58754,-0.02322128,1
"2018-04-06 05:19:00",911,3.755538,0.6108088,76.44289,0.0002266266,1
"2018-04-06 05:20:00",912,3.803072,0.607023,75.71595,-0.08525264,1
"2018-04-06 05:21:00",913,3.82865,0.6013272,74.87111,-0.2148592,1
"2018-04-06 05:22:00",914,3.813339,0.5982096,74.56301,-0.2863686,1
"2018-04-06 05:23:00",915,3.97176,0.6256021,77.11022,0.3300635,1
"2018-04-06 05:24:00",916,4.166168,0.6426828,78.14354,0.7032203,1
"2018-04-06 05:25:00",917,4.066206,0.6130476,75.06542,0.05084246,1
"2018-04-06 05:26:00",918,4.12168,0.5878918,71.70288,-0.5256813,1
"2018-04-06 05:27:00",919,4.06527,0.5701319,69.81447,-0.9453878,1
"2018-04-06 05:28:00",920,4.038572,0.595462,73.05079,-0.3501918,1
"2018-04-06 05:29:00",921,4.150413,0.5943174,72.34,-0.3765721,1
"2018-04-06 05:30:00",922,4.37649,0.6083568,72.88644,-0.05498222,1
"2018-04-06 05:31:00",923,4.392318,0.631845,75.61577,0.4676283,1
"2018-04-06 05:32:00",924,4.076364,0.6171523,75.5138,0.1427917,1
"2018-04-06 05:33:00",925,3.814604,0.6068559,75.62891,-0.08990745,1
"2018-04-06 05:34:00",926,3.659413,0.5880396,74.09122,-0.522419,1
"2018-04-06 05:35:00",927,3.671521,0.5837633,73.49134,-0.6221804,1
"2018-04-06 05:36:00",928,3.723317,0.5960158,74.76127,-0.3370075,1
"2018-04-06 05:37:00",929,3.671329,0.5904961,74.34086,-0.4647441,1
"2018-04-06 05:38:00",930,3.869449,0.6178779,76.71025,0.1589222,1
"2018-04-06 05:39:00",931,3.782962,0.6027614,75.29082,-0.1822216,1
"2018-04-06 05:40:00",932,3.76561,0.6072368,75.93968,-0.08095499,1
"2018-04-06 05:41:00",933,3.931382,0.6242614,77.16416,0.3004988,1
"2018-04-06 05:42:00",934,3.991308,0.6167356,75.91118,0.1327289,1
"2018-04-06 05:43:00",935,3.998445,0.6095774,74.99183,-0.02828692,1
"2018-04-06 05:44:00",936,4.021908,0.6093322,74.84297,-0.03293867,1
"2018-04-06 05:45:00",937,3.994792,0.6225698,76.61498,0.2634507,1
